State Name,DISTRICT,Year,RICE AREA (1000 ha),RICE PRODUCTION (1000 tons),RICE YIELD (Kg per ha),WHEAT AREA (1000 ha),WHEAT PRODUCTION (1000 tons),WHEAT YIELD (Kg per ha),COTTON PRODUCTION (1000 tons),COTTON YIELD (Kg per ha),SORGHUM AREA (1000 ha),SORGHUM PRODUCTION (1000 tons),SORGHUM YIELD (Kg per ha),PEARL MILLET AREA (1000 ha),PEARL MILLET PRODUCTION (1000 tons),PEARL MILLET YIELD (Kg per ha),MAIZE AREA (1000 ha),MAIZE PRODUCTION (1000 tons),MAIZE YIELD (Kg per ha),FINGER MILLET AREA (1000 ha),FINGER MILLET PRODUCTION (1000 tons),FINGER MILLET YIELD (Kg per ha),BARLEY AREA (1000 ha),BARLEY PRODUCTION (1000 tons),BARLEY YIELD (Kg per ha),CHICKPEA AREA (1000 ha),CHICKPEA PRODUCTION (1000 tons),CHICKPEA YIELD (Kg per ha),PIGEONPEA AREA (1000 ha),PIGEONPEA PRODUCTION (1000 tons),PIGEONPEA YIELD (Kg per ha),MINOR PULSES AREA (1000 ha),MINOR PULSES PRODUCTION (1000 tons),MINOR PULSES YIELD (Kg per ha),GROUNDNUT AREA (1000 ha),GROUNDNUT PRODUCTION (1000 tons),GROUNDNUT YIELD (Kg per ha),SESAMUM AREA (1000 ha),SESAMUM PRODUCTION (1000 tons),SESAMUM YIELD (Kg per ha),RAPESEED AND MUSTARD AREA (1000 ha),RAPESEED AND MUSTARD PRODUCTION (1000 tons),RAPESEED AND MUSTARD YIELD (Kg per ha),SAFFLOWER AREA (1000 ha),SAFFLOWER PRODUCTION (1000 tons),SAFFLOWER YIELD (Kg per ha),CASTOR AREA (1000 ha),CASTOR PRODUCTION (1000 tons),CASTOR YIELD (Kg per ha),LINSEED AREA (1000 ha),LINSEED PRODUCTION (1000 tons),LINSEED YIELD (Kg per ha),SUNFLOWER AREA (1000 ha),SUNFLOWER PRODUCTION (1000 tons),SUNFLOWER YIELD (Kg per ha),SOYABEAN AREA (1000 ha),SOYABEAN PRODUCTION (1000 tons),SOYABEAN YIELD (Kg per ha),OILSEEDS AREA (1000 ha),OILSEEDS PRODUCTION (1000 tons),OILSEEDS YIELD (Kg per ha),SUGARCANE AREA (1000 ha),SUGARCANE PRODUCTION (1000 tons),SUGARCANE YIELD (Kg per ha),COTTON AREA (1000 ha),COTTON PRODUCTION (1000 tons).1,FRUITS AREA (1000 ha),VEGETABLES AREA (1000 ha),FERTILIZER,RAINFALL,Pesticides,TEMPERATURE,Latitude,Longitude
Tamil Nadu,COIMBATORE,1978,113.2,252.4,2229.68,0.4,0.1,250.0,22.8,443.58,211.9,181.8,857.95,42.3,43.9,1037.83,12.1,12.9,1066.12,33.3,52.6,1579.58,0.0,0.0,0.0,7.6,4.4,578.95,10.5,6.2,590.48,77.34,21.95,283.81,127.0,129.6,1020.47,15.5,6.3,406.45,0.1,0.0,0.0,0.0,0.0,0.0,1.4,0.6,428.57,0.0,0.0,0.0,0.0,0.0,0.0,0.0,0.0,0.0,168.81,136.5,808.6,35.0,423.3,12094.29,51.4,22.8,5.58,12.34,6356116.72,928.2,11727.650000000001,32.0,11.0123°N,76.9623°E
Tamil Nadu,COIMBATORE,1979,124.3,304.0,2445.7,0.4,0.1,250.0,15.3,368.67,218.4,121.5,556.32,36.5,13.1,358.9,14.0,14.3,1021.43,34.0,57.4,1688.24,0.0,0.0,0.0,7.1,4.2,591.55,9.5,6.6,694.74,71.32,16.59,232.61,131.0,140.6,1073.28,25.0,13.8,552.0,0.1,0.0,0.0,0.0,0.0,0.0,1.5,0.6,400.0,0.0,0.0,0.0,0.0,0.0,0.0,0.0,0.0,0.0,168.53,155.0,919.72,33.9,350.1,10327.43,41.5,15.3,7.33,15.09,6356116.72,928.2,11727.650000000001,32.0,11.0123°N,76.9623°E
Tamil Nadu,COIMBATORE,1980,115.0,293.5,2552.17,0.4,0.2,500.0,11.9,356.29,179.7,135.7,755.15,32.1,34.1,1062.31,13.0,12.8,984.62,34.0,54.4,1600.0,0.0,0.0,0.0,9.0,5.4,600.0,7.0,3.7,528.57,59.92,17.0,283.71,105.0,112.0,1066.67,15.0,6.9,460.0,0.0,0.0,0.0,0.0,0.0,0.0,1.2,0.5,416.67,0.0,0.0,0.0,0.6,0.4,666.67,0.0,0.0,0.0,139.94,119.8,856.08,41.5,422.3,10175.9,33.4,11.9,8.66,16.98,6356116.72,928.2,11727.650000000001,32.0,11.0123°N,76.9623°E
Tamil Nadu,COIMBATORE,1981,115.2,297.0,2578.13,0.2,0.1,500.0,12.6,354.93,197.4,118.7,601.32,29.1,11.0,378.01,17.0,13.3,782.35,32.0,54.4,1700.0,0.0,0.0,0.0,9.3,5.5,591.4,11.1,5.4,486.49,61.12,14.0,229.06,144.0,187.8,1304.17,20.3,6.2,305.42,0.1,0.0,0.0,0.0,0.0,0.0,2.2,0.6,272.73,0.0,0.0,0.0,5.7,2.5,438.6,0.0,0.0,0.0,155.78,197.1,1265.25,38.7,408.3,10550.39,35.5,12.6,7.74,11.8,6356116.72,928.2,11727.650000000001,32.0,11.0123°N,76.9623°E
Tamil Nadu,COIMBATORE,1982,91.0,263.0,2890.11,0.3,0.2,666.67,9.9,351.06,191.6,103.9,542.28,24.0,24.6,1025.0,13.0,27.0,2076.92,27.0,37.6,1392.59,0.0,0.0,0.0,6.8,3.8,558.82,8.6,4.1,476.74,62.5,23.67,378.72,117.7,139.9,1188.62,13.4,3.7,276.12,0.0,0.0,0.0,0.0,0.0,0.0,1.7,0.5,294.12,0.0,0.0,0.0,10.6,5.9,556.6,0.0,0.0,0.0,136.75,150.0,1096.89,36.8,372.0,10108.7,28.2,9.9,6.68,9.28,6356116.72,928.2,11727.650000000001,32.0,11.0123°N,76.9623°E
Tamil Nadu,COIMBATORE,1983,108.6,285.7,2630.76,0.3,0.2,666.67,10.4,395.44,215.6,130.0,602.97,28.2,31.3,1109.93,19.0,40.3,2121.05,26.3,41.3,1570.34,0.0,0.0,0.0,9.5,5.7,600.0,12.2,4.5,368.85,62.51,25.0,399.94,137.0,160.0,1167.88,26.8,8.8,328.36,0.1,0.0,0.0,0.0,0.0,0.0,2.5,0.8,320.0,0.0,0.0,0.0,9.2,7.7,836.96,0.0,0.0,0.0,155.92,177.3,1137.12,31.7,304.2,9596.21,26.3,10.4,6.01,9.98,6356116.72,928.2,11727.650000000001,32.0,11.0123°N,76.9623°E
Tamil Nadu,COIMBATORE,1984,114.0,334.0,2929.82,0.3,0.2,666.67,22.7,694.19,201.4,128.7,639.03,27.9,37.5,1344.09,14.2,31.3,2204.23,26.2,31.7,1209.92,0.0,0.0,0.0,3.9,2.8,717.95,13.7,8.7,635.04,53.81,29.73,552.5,137.8,176.3,1279.39,16.5,5.4,327.27,0.1,0.0,0.0,0.0,0.0,0.0,2.9,0.9,310.34,0.0,0.0,0.0,8.4,10.7,1273.81,0.0,0.0,0.0,173.07,193.3,1116.89,37.8,431.7,11420.63,32.7,22.7,6.56,10.68,6356116.72,928.2,11727.650000000001,32.0,11.0123°N,76.9623°E
Tamil Nadu,COIMBATORE,1985,57.8,217.0,3754.33,0.0,0.0,0.0,15.6,500.0,231.9,148.6,640.79,24.1,26.5,1099.59,10.7,23.9,2233.64,22.3,27.6,1237.67,0.0,0.0,0.0,6.2,4.5,725.81,12.9,7.8,604.65,51.22,28.6,558.38,120.3,104.3,867.0,13.0,4.3,330.77,0.0,0.0,0.0,0.0,0.0,0.0,2.2,0.7,318.18,0.0,0.0,0.0,4.4,7.9,1795.45,0.0,0.0,0.0,152.76,117.2,767.22,36.0,414.7,11519.44,31.2,15.6,6.58,9.69,6356116.72,928.2,11727.650000000001,32.0,11.0123°N,76.9623°E
Tamil Nadu,COIMBATORE,1986,91.0,374.0,4109.89,0.0,0.0,0.0,5.0,333.33,228.4,132.1,578.37,22.0,24.0,1090.91,21.0,26.0,1238.1,21.0,29.0,1380.95,0.0,0.0,0.0,5.0,4.0,800.0,10.0,7.0,700.0,76.4,16.99,222.38,98.0,105.0,1071.43,9.0,2.3,255.56,0.0,0.0,0.0,0.0,0.0,0.0,2.3,0.7,304.35,0.0,0.0,0.0,6.6,5.9,893.94,0.0,0.0,0.0,163.3,113.9,697.49,29.0,302.2,10420.69,15.0,5.0,5.82,10.56,6356116.72,928.2,11727.650000000001,32.0,11.0123°N,76.9623°E
Tamil Nadu,COIMBATORE,1987,47.0,182.0,3872.34,0.0,0.0,0.0,8.0,380.95,210.5,106.4,505.46,18.0,10.0,555.56,11.0,14.0,1272.73,17.0,29.0,1705.88,0.0,0.0,0.0,5.0,4.0,800.0,10.0,6.0,600.0,77.57,19.58,252.42,121.0,137.0,1132.23,9.8,2.9,295.92,0.0,0.0,0.0,0.0,0.0,0.0,4.0,1.3,325.0,0.0,0.0,0.0,3.8,1.8,473.68,0.0,0.0,0.0,185.74,143.0,769.89,23.6,236.5,10021.19,21.0,8.0,5.37,8.72,6356116.72,928.2,11727.650000000001,32.0,11.0123°N,76.9623°E
Tamil Nadu,COIMBATORE,1988,88.5,276.5,3124.29,0.0,0.0,0.0,9.4,396.62,130.4,48.4,371.17,14.6,9.5,650.68,17.7,21.9,1237.29,17.8,25.0,1404.49,0.0,0.0,0.0,3.6,2.6,722.22,5.8,3.3,568.97,54.23,12.89,237.69,121.6,123.0,1011.51,21.1,7.3,345.97,0.0,0.0,0.0,0.0,0.0,0.0,4.1,1.3,317.07,0.0,0.0,0.0,2.1,1.3,619.05,0.0,0.0,0.0,183.0,132.9,726.23,27.6,286.1,10365.94,23.7,9.4,6.57,12.64,6356116.72,928.2,11727.650000000001,32.0,11.0123°N,76.9623°E
Tamil Nadu,COIMBATORE,1989,97.4,329.1,3378.85,0.0,0.0,0.0,10.4,400.0,115.6,67.4,583.04,10.8,8.3,768.52,20.1,24.6,1223.88,14.7,22.0,1496.6,0.0,0.0,0.0,3.3,2.4,727.27,6.8,3.9,573.53,60.12,14.77,245.68,116.8,162.0,1386.99,14.1,6.4,453.9,0.2,0.1,500.0,0.0,0.0,0.0,4.0,1.3,325.0,0.0,0.0,0.0,1.1,0.7,636.36,0.0,0.0,0.0,178.22,170.5,956.68,25.2,255.5,10138.89,26.0,10.4,6.69,11.07,6356116.72,928.2,11727.650000000001,32.0,11.0123°N,76.9623°E
Tamil Nadu,COIMBATORE,1990,86.6,235.3,2717.09,0.07,0.06,857.14,5.44,337.47,84.61,39.0,460.94,2.08,2.28,1096.15,14.36,17.96,1250.7,3.59,3.87,1077.99,0.0,0.0,0.0,7.2,5.32,738.89,10.13,4.07,401.78,49.59,14.64,295.22,91.31,90.73,993.65,6.72,1.75,260.42,0.0,0.0,0.0,0.0,0.0,0.0,0.79,0.3,379.75,0.0,0.0,0.0,0.73,0.42,575.34,0.11,0.0,0.0,145.6,93.2,640.11,13.92,116.32,8356.32,16.12,5.44,14.81,7.53,6356116.72,928.2,11727.650000000001,32.0,11.0123°N,76.9623°E
Tamil Nadu,COIMBATORE,1991,97.4,288.85,2965.61,0.08,0.06,750.0,7.09,406.77,78.37,32.06,409.09,1.63,1.62,993.87,16.41,19.74,1202.92,2.71,2.12,782.29,0.0,0.0,0.0,2.7,2.0,740.74,8.41,3.82,454.22,43.57,12.07,277.03,95.17,92.74,974.47,8.37,3.17,378.73,0.0,0.0,0.0,0.0,0.0,0.0,1.4,0.51,364.29,0.0,0.0,0.0,0.94,0.75,797.87,0.0,0.0,0.0,155.31,97.17,625.65,14.34,188.02,13111.58,17.43,7.09,15.54,8.56,6356116.72,928.2,11727.650000000001,32.0,11.0123°N,76.9623°E
Tamil Nadu,COIMBATORE,1992,125.28,385.59,3077.83,0.0,0.0,0.0,10.21,402.92,91.95,53.86,585.75,1.34,1.99,1485.07,16.27,18.47,1135.22,1.85,2.01,1086.49,0.0,0.0,0.0,4.56,3.38,741.23,5.94,3.8,639.73,44.08,16.24,368.42,109.31,139.05,1272.07,4.61,2.07,449.02,0.0,0.0,0.0,0.0,0.0,0.0,0.74,0.26,351.35,0.0,0.0,0.0,1.49,0.94,630.87,3.2,2.0,625.0,171.08,142.32,831.89,10.14,145.49,14348.13,25.34,10.21,16.53,7.31,6356116.72,928.2,11727.650000000001,32.0,11.0123°N,76.9623°E
Tamil Nadu,COIMBATORE,1993,121.0,390.0,3223.14,0.0,0.0,0.0,7.65,425.0,113.64,54.97,483.72,1.0,3.0,3000.0,14.0,17.0,1214.29,2.0,3.0,1500.0,0.0,0.0,0.0,0.0,4.0,0.0,12.0,4.0,333.33,67.0,23.0,343.28,119.0,153.0,1285.71,12.0,3.0,250.0,0.0,0.0,0.0,0.0,0.0,0.0,1.0,0.0,0.0,0.0,0.0,0.0,5.0,5.0,1000.0,2.0,1.0,500.0,139.0,162.0,1165.47,14.4,200.6,13930.56,18.0,7.65,19.04,8.16,6356116.72,928.2,11727.650000000001,32.0,11.0123°N,76.9623°E
Tamil Nadu,COIMBATORE,1994,111.33,361.49,3247.01,0.0,0.0,0.0,7.47,377.08,92.58,55.02,594.3,1.23,1.33,1081.3,16.2,18.52,1143.21,2.15,2.77,1288.37,0.0,0.0,0.0,7.43,5.49,738.9,5.49,4.04,735.88,33.62,10.97,326.29,92.72,124.56,1343.4,4.99,1.89,378.76,0.0,0.0,0.0,0.0,0.0,0.0,0.58,0.21,362.07,0.0,0.0,0.0,2.22,2.02,909.91,0.58,0.0,0.0,159.99,128.68,804.3,16.29,168.96,10372.01,19.81,7.47,20.38,8.07,6356116.72,928.2,11727.650000000001,32.0,11.0123°N,76.9623°E
Tamil Nadu,COIMBATORE,1995,69.39,122.52,1765.67,0.0,0.0,0.0,7.46,337.56,83.09,33.33,401.13,0.89,0.94,1056.18,16.68,19.0,1139.09,1.59,1.43,899.37,0.0,0.0,0.0,6.4,4.74,740.62,4.1,2.4,585.37,24.84,6.68,268.92,72.38,82.42,1138.71,3.6,1.03,286.11,0.0,0.0,0.0,0.0,0.0,0.0,0.44,0.15,340.91,0.0,0.0,0.0,0.81,0.84,1037.04,0.12,0.0,0.0,141.75,84.56,596.54,16.96,152.51,8992.34,22.1,7.46,13.09,8.85,6356116.72,928.2,11727.650000000001,32.0,11.0123°N,76.9623°E
Tamil Nadu,COIMBATORE,1996,99.57,281.21,2824.24,0.0,0.0,0.0,5.92,314.73,88.25,38.54,436.71,0.55,0.7,1272.73,16.85,19.12,1134.72,1.54,2.39,1551.95,0.0,0.0,0.0,6.03,4.46,739.64,4.04,1.4,346.53,44.74,10.04,224.41,66.69,99.88,1497.68,4.6,1.59,345.65,0.0,0.0,0.0,0.0,0.0,0.0,0.25,0.09,360.0,0.0,0.0,0.0,0.67,0.65,970.15,0.4,0.0,0.0,141.91,102.21,720.25,12.21,140.32,11492.22,18.81,5.92,24.27,8.97,6356116.72,928.2,11727.650000000001,32.0,11.0123°N,76.9623°E
Tamil Nadu,COIMBATORE,1997,107.0,300.48,2808.22,0.0,0.0,0.0,5.26,308.69,90.82,67.01,737.83,0.54,0.95,1759.26,15.94,18.1,1135.51,1.11,2.75,2477.48,0.0,0.0,0.0,4.48,3.32,741.07,3.7,1.22,329.73,30.43,9.59,315.15,68.43,84.08,1228.7,3.78,1.14,301.59,0.0,0.0,0.0,0.0,0.0,0.0,0.2,0.07,350.0,0.0,0.0,0.0,0.46,0.46,1000.0,0.29,0.0,0.0,149.27,85.75,574.46,13.14,148.24,11281.58,17.04,5.26,26.75,9.76,6356116.72,928.2,11727.650000000001,32.0,11.0123°N,76.9623°E
Tamil Nadu,COIMBATORE,1998,111.27,356.9,3207.51,0.0,0.0,0.0,6.38,362.29,91.0,45.91,504.51,0.38,0.87,2289.47,15.74,17.83,1132.78,0.97,2.04,2103.09,0.0,0.0,0.0,5.89,4.36,740.24,3.31,1.99,601.21,32.14,11.21,348.79,69.38,113.22,1631.88,3.84,1.63,424.48,0.0,0.0,0.0,0.0,0.0,0.0,0.21,0.08,380.95,0.0,0.0,0.0,0.29,0.31,1068.97,0.06,0.0,0.0,156.49,115.24,736.4,15.02,122.85,8179.09,17.61,6.38,27.34,12.5,6726254.6,1077.1,19743.055,32.0,11.0123°N,76.9623°E
Tamil Nadu,COIMBATORE,1999,116.99,424.86,3631.59,0.0,0.0,0.0,3.55,342.33,86.51,39.11,452.09,0.94,2.45,2606.38,20.98,23.71,1130.12,0.61,1.26,2065.57,0.0,0.0,0.0,5.26,3.9,741.44,3.01,2.63,873.75,34.28,11.04,322.05,61.65,99.15,1608.27,3.85,2.26,587.01,0.0,0.0,0.0,0.0,0.0,0.0,0.06,0.02,333.33,0.0,0.0,0.0,0.23,0.27,1173.91,0.02,0.0,0.0,155.69,101.7,653.22,15.97,146.14,9150.91,10.37,3.55,26.94,13.13,7117820.71,922.8,18108.09,32.0,11.0123°N,76.9623°E
Tamil Nadu,COIMBATORE,2000,108.9,373.12,3426.26,0.0,0.0,0.0,2.49,296.08,80.56,26.01,322.86,0.43,0.88,2046.51,17.49,19.89,1137.22,0.59,1.34,2271.19,0.0,0.0,0.0,3.72,2.76,741.94,2.6,2.26,869.23,28.02,9.44,336.9,49.02,76.36,1557.73,2.63,1.49,566.54,0.0,0.0,0.0,0.0,0.0,0.0,0.25,0.08,320.0,0.0,0.0,0.0,0.1,0.12,1200.0,0.0,0.0,0.0,148.54,78.05,525.45,17.12,169.42,9896.03,8.41,2.49,27.84,15.15,7606702.45,971.1,20146.1,32.0,11.0123°N,76.9623°E
Tamil Nadu,COIMBATORE,2001,94.05,257.8,2741.1,0.0,0.0,0.0,2.64,247.65,76.08,29.84,392.22,0.27,0.49,1814.81,16.27,18.47,1135.22,0.51,1.04,2039.22,0.0,0.0,0.0,4.81,3.56,740.12,1.95,1.82,933.33,28.18,8.3,294.54,46.69,70.47,1509.32,2.39,1.22,510.46,0.0,0.0,0.0,0.0,0.0,0.0,0.23,0.08,347.83,0.0,0.0,0.0,0.06,0.07,1166.67,0.0,0.0,0.0,150.27,71.84,478.07,19.25,207.9,10800.0,10.66,2.64,28.74,14.35,14970419.66,481.3,38111.32,32.0,11.0123°N,76.9623°E
Tamil Nadu,COIMBATORE,2002,83.02,180.53,2174.54,0.01,0.0,0.0,0.53,102.51,81.25,23.35,287.38,0.63,0.69,1095.24,18.47,21.0,1136.98,0.48,0.65,1354.17,0.0,0.0,0.0,4.11,3.05,742.09,1.93,0.94,487.05,26.54,5.95,224.19,33.62,34.22,1017.85,0.94,0.36,382.98,0.0,0.0,0.0,0.0,0.0,0.0,0.17,0.06,352.94,0.0,0.0,0.0,0.01,0.02,2000.0,0.0,0.0,0.0,139.1,34.66,249.17,15.97,141.32,8849.09,5.17,0.53,27.15,9.8,6432921.17,315.9,16987.75,32.0,11.0123°N,76.9623°E
Tamil Nadu,COIMBATORE,2003,83.42,157.24,1884.92,0.01,0.0,0.0,1.49,212.25,95.29,29.09,305.28,0.54,0.62,1148.15,22.04,24.99,1133.85,0.37,0.59,1594.59,0.0,0.0,0.0,4.63,3.43,740.82,1.89,0.67,354.5,30.63,7.96,259.88,38.14,42.54,1115.36,1.42,0.49,345.07,0.0,0.07,0.0,0.0,0.0,0.0,0.21,0.08,380.95,0.0,0.0,0.0,0.02,0.03,1500.0,0.01,0.0,0.0,144.41,43.2,299.15,12.39,99.24,8009.69,7.02,1.49,25.88,9.28,6913604.53,345.6,16763.64,32.0,11.0123°N,76.9623°E
Tamil Nadu,COIMBATORE,2004,101.27,301.73,2979.46,0.02,0.0,0.0,2.57,217.8,96.26,33.17,344.59,0.5,0.91,1820.0,25.6,29.66,1158.59,0.53,0.83,1566.04,0.0,0.0,0.0,4.15,3.07,739.76,1.91,1.34,701.57,32.12,9.66,300.75,44.82,60.98,1360.55,1.89,0.68,359.79,0.0,0.0,0.0,0.0,0.0,0.0,0.24,0.09,375.0,0.0,0.0,0.0,0.45,0.48,1066.67,0.02,0.0,0.0,153.6,62.22,405.08,13.35,161.04,12062.92,11.8,2.57,27.53,11.2,7286027.51,1034.0,14122.815,32.0,11.0123°N,76.9623°E
Tamil Nadu,COIMBATORE,2005,103.4,253.24,2449.13,0.0,0.0,0.0,0.99,152.07,78.27,28.9,369.23,0.45,0.8,1777.78,22.61,26.74,1182.66,0.25,0.4,1600.0,0.0,0.0,0.0,4.5,3.34,742.22,1.9,1.02,536.84,24.44,7.75,317.1,47.45,79.42,1673.76,2.13,0.99,464.79,0.0,0.0,0.0,0.0,0.0,0.0,0.5,0.18,360.0,0.0,0.0,0.0,0.29,0.36,1241.38,0.02,0.0,0.0,158.25,80.94,511.47,18.35,251.37,13698.64,6.51,0.99,30.19,12.1,4529258.48,1364.1,7931.49,32.0,11.0123°N,76.9623°E
Tamil Nadu,COIMBATORE,2006,99.59,308.0,3092.68,0.17,0.0,0.0,1.13,300.53,79.88,62.28,779.67,0.52,0.94,1807.69,23.09,128.91,5582.94,0.33,0.8,2424.24,0.0,0.0,0.0,4.19,3.11,742.24,1.83,1.1,601.09,25.77,8.41,326.35,39.69,68.71,1731.17,1.75,0.88,502.86,0.0,0.0,0.0,0.0,0.0,0.0,0.28,0.1,357.14,0.0,0.0,0.0,0.27,0.49,1814.81,0.0,0.0,0.0,153.04,70.17,458.51,19.66,279.08,14195.32,3.76,1.13,30.52,13.86,6725591.73,927.9,11585.86,32.0,11.0123°N,76.9623°E
Tamil Nadu,COIMBATORE,2007,95.15,184.01,1933.89,0.0,0.0,0.0,0.49,232.23,74.46,33.62,451.52,0.58,0.97,1672.41,23.51,126.17,5366.65,0.14,0.28,2000.0,0.0,0.0,0.0,5.25,3.89,740.95,1.58,0.78,493.67,21.56,6.45,299.17,38.54,56.1,1455.63,2.6,0.98,376.92,0.0,0.0,0.0,0.0,0.0,0.0,0.2,0.07,350.0,0.0,0.0,0.0,0.59,0.93,1576.27,0.0,0.0,0.0,156.2,58.09,371.9,15.93,180.34,11320.78,2.11,0.49,31.64,14.1,6178087.5,1067.2,7410.0,32.0,11.0123°N,76.9623°E
Tamil Nadu,COIMBATORE,2008,104.49,194.89,1865.15,0.0,0.0,0.0,0.36,245.73,47.8,14.49,303.11,0.21,0.7,3279.07,23.45,106.05,4522.17,0.1,0.19,1950.0,0.0,0.0,0.0,3.49,2.39,686.25,1.18,0.49,415.25,20.27,4.04,199.06,32.45,44.74,1378.95,2.99,0.79,265.89,0.0,0.0,0.0,0.0,0.0,0.0,0.19,0.05,297.3,0.0,0.0,0.0,1.0,0.36,361.81,0.0,0.0,0.0,142.82,45.95,321.73,13.07,129.23,9887.15,1.46,0.36,30.51,11.87,5597226.720000001,1201.9,3521.745,32.0,11.0123°N,76.9623°E
Tamil Nadu,COIMBATORE,2009,104.1,223.42,2146.21,0.0,0.0,0.0,0.69,615.04,44.68,17.4,389.32,0.2,0.48,2425.0,21.23,140.92,6637.78,0.1,0.29,2761.9,0.0,0.0,0.0,3.85,2.58,669.7,0.97,0.62,644.33,20.2,6.12,303.14,30.36,54.5,1795.13,2.97,1.26,423.53,0.0,0.0,0.0,0.0,0.0,0.0,0.14,0.05,357.14,0.0,0.0,0.0,0.23,0.36,1586.96,0.0,0.0,0.0,144.57,0.0,0.0,12.29,126.31,10277.46,1.13,0.69,29.61,11.25,6279312.27,928.5,6850.745000000001,32.0,11.0123°N,76.9623°E
Tamil Nadu,COIMBATORE,2010,101.47,242.76,2392.48,0.0,0.0,0.0,0.47,435.78,40.95,22.87,558.54,0.1,0.13,1421.05,19.01,103.93,5466.86,0.1,0.22,2200.0,0.0,0.0,0.0,3.5,2.61,743.22,0.83,0.32,383.23,19.35,6.91,357.11,26.83,46.52,1733.56,2.18,1.17,533.18,0.0,0.0,0.0,0.0,0.0,0.0,0.09,0.02,277.78,0.0,0.0,0.0,0.09,0.17,2000.0,0.0,0.0,0.0,143.15,0.0,0.0,12.81,144.96,11316.16,1.09,0.47,27.79,10.04,16313247.825,1095.2,23569.8,32.0,11.0123°N,76.9623°E
Tamil Nadu,COIMBATORE,2011,100.52,369.22,3672.92,0.0,0.0,0.0,1.11,621.17,29.63,23.56,795.44,0.14,0.32,2321.43,22.52,178.77,7938.28,0.06,0.16,2666.67,0.0,0.0,0.0,3.21,2.06,641.74,0.72,0.5,699.3,0.0,0.0,0.0,28.83,66.08,2291.83,0.0,0.0,0.0,0.0,0.0,0.0,0.0,0.0,0.0,0.08,0.02,333.33,0.0,0.0,0.0,0.32,0.58,1841.27,0.0,0.0,0.0,0.0,0.0,0.0,14.53,187.12,12873.75,1.79,1.11,28.65,10.65,6025359.36,926.5,11869.44,32.0,11.0123°N,76.9623°E
Tamil Nadu,COIMBATORE,2012,85.87,248.58,2894.67,0.0,0.0,0.0,0.23,304.64,24.16,12.71,525.98,0.14,0.22,1482.76,17.67,95.8,5421.62,0.05,0.09,1800.0,0.0,0.0,0.0,2.87,2.13,743.46,0.55,0.41,745.45,16.78,5.33,317.64,20.28,35.95,1772.44,1.53,0.75,491.86,0.01,0.0,0.0,0.0,0.0,0.0,0.05,0.02,363.64,0.0,0.0,0.0,0.02,0.03,1500.0,0.0,0.0,0.0,140.99,0.0,0.0,13.19,119.04,9021.98,0.76,0.23,25.99,8.69,14153409.4,706.8,29095.205,32.0,11.0123°N,76.9623°E
Tamil Nadu,COIMBATORE,2013,78.57,151.73,1931.27,0.0,0.0,0.0,0.23,428.57,42.0,30.24,720.0,0.11,0.25,2318.18,25.51,183.16,7179.93,0.05,0.13,2600.0,0.0,0.0,0.0,2.54,1.77,696.85,1.29,1.05,813.95,21.66,11.48,529.78,17.24,34.85,2021.17,2.56,1.18,463.8,0.0,0.0,0.0,0.0,0.0,0.0,0.1,0.03,300.0,0.0,0.0,0.0,0.02,0.02,1250.0,0.0,0.0,0.0,19.89,36.1,1814.27,10.35,82.32,7950.27,0.53,0.23,24.52,10.2,4619056.32,740.9,8631.36,32.0,11.0123°N,76.9623°E
Tamil Nadu,COIMBATORE,2014,74.8,320.06,4278.88,0.0,0.0,0.0,0.53,581.52,47.36,43.88,926.32,0.13,0.41,3153.85,21.95,162.43,7400.0,0.05,0.15,3000.0,0.0,0.0,0.0,2.12,1.47,693.4,0.0,0.0,0.0,23.34,16.8,719.73,14.36,38.34,2671.19,2.76,1.45,524.41,0.0,0.0,0.0,0.0,0.0,0.0,0.05,0.02,363.64,0.0,0.0,0.0,0.05,0.1,1818.18,0.0,0.0,0.0,17.22,39.89,2316.11,7.65,81.75,10679.29,0.92,0.53,23.99,10.52,4409013.24,911.3,9638.145,32.0,11.0123°N,76.9623°E
Tamil Nadu,COIMBATORE,2015,80.98,291.01,3593.32,0.0,0.0,0.0,0.42,426.4,42.59,23.74,557.41,0.26,0.65,2500.0,20.8,169.39,8141.55,0.04,0.12,3000.0,0.0,0.0,0.0,2.09,1.48,708.13,0.0,0.0,0.0,22.77,13.22,580.49,17.11,45.03,2632.56,2.02,0.9,441.98,0.0,0.0,0.0,0.0,0.0,0.0,0.04,0.01,375.0,0.0,0.0,0.0,0.08,0.11,1312.5,0.0,0.0,0.0,19.32,46.05,2383.54,8.14,91.01,11181.46,0.99,0.42,23.97,11.54,4717877.07,1201.9,9859.41,32.0,11.0123°N,76.9623°E
Tamil Nadu,COIMBATORE,2016,70.87,265.71,3749.48,0.0,0.0,0.0,0.24,246.27,41.67,15.02,360.52,0.38,0.43,1116.95,16.33,49.57,3034.96,0.03,0.07,2357.14,0.0,0.0,0.0,2.6,1.77,681.68,0.61,0.4,655.68,13.81,4.61,333.78,14.46,27.54,1904.5,1.43,0.55,382.98,0.0,0.0,500.0,0.0,0.0,0.0,0.03,0.01,323.08,0.0,0.0,0.0,0.03,0.02,823.53,0.0,0.0,0.0,0.0,0.0,0.0,6.71,50.45,7519.62,0.96,0.24,22.32,9.85,2743175.0,912.4,6265.0,32.0,11.0123°N,76.9623°E
Tamil Nadu,COIMBATORE,2017,90.17,195.35,2166.46,0.0,0.0,0.0,0.0,0.39,46.59,22.87,490.8,0.41,0.91,2218.03,18.09,160.97,8900.04,0.02,0.07,3684.21,0.0,0.0,0.0,2.54,2.35,925.86,0.78,0.85,1092.54,19.18,12.38,645.39,18.26,48.29,2643.83,1.95,1.15,589.65,0.0,0.0,0.0,0.0,0.0,0.0,0.04,0.01,353.84,0.0,0.0,0.0,0.03,0.03,806.45,0.0,0.0,0.0,0.0,0.0,0.0,4.48,37.54,8372.61,0.93,0.0,0.0,0.0,4128470.4,970.9,9964.55,32.0,11.0123°N,76.9623°E
Tamil Nadu,MADURAI,1978,158.8,391.9,2467.88,0.4,0.1,250.0,23.9,337.09,129.1,158.5,1227.73,26.7,30.2,1131.09,0.5,0.5,1000.0,5.6,10.1,1803.57,0.0,0.0,0.0,0.0,0.0,0.0,10.0,4.1,410.0,42.46,14.03,330.43,62.5,87.2,1395.2,11.8,4.8,406.78,0.0,0.0,0.0,0.0,0.0,0.0,0.2,0.1,500.0,0.0,0.0,0.0,0.0,0.0,0.0,0.0,0.0,0.0,83.81,92.1,1098.91,9.4,84.0,8936.17,70.9,23.9,24.72,19.7,6356116.72,928.2,11727.650000000001,33.0,9.9153°N,78.1338°E
Tamil Nadu,MADURAI,1979,171.2,434.2,2536.21,0.4,0.1,250.0,16.1,281.47,133.8,183.5,1371.45,21.6,23.6,1092.59,0.6,0.7,1166.67,5.0,9.5,1900.0,0.0,0.0,0.0,0.0,0.0,0.0,9.0,4.7,522.22,37.85,10.95,289.3,46.6,78.0,1673.82,11.0,4.4,400.0,0.0,0.0,0.0,0.0,0.0,0.0,0.2,0.1,500.0,0.0,0.0,0.0,0.0,0.0,0.0,0.0,0.0,0.0,96.53,82.5,854.66,9.1,69.5,7637.36,57.2,16.1,27.92,19.74,6356116.72,928.2,11727.650000000001,33.0,9.9153°N,78.1338°E
Tamil Nadu,MADURAI,1980,149.1,383.4,2571.43,0.2,0.1,500.0,12.5,271.74,105.6,120.0,1136.36,19.0,21.3,1121.05,0.5,0.8,1600.0,5.0,6.7,1340.0,0.0,0.0,0.0,0.0,0.0,0.0,6.0,4.2,700.0,37.25,13.0,348.99,63.0,75.1,1192.06,9.0,3.4,377.78,0.0,0.0,0.0,0.0,0.0,0.0,0.1,0.1,1000.0,0.0,0.0,0.0,1.0,0.6,600.0,0.0,0.0,0.0,76.41,79.2,1036.51,11.1,83.8,7549.55,46.0,12.5,30.36,20.87,6356116.72,928.2,11727.650000000001,33.0,9.9153°N,78.1338°E
Tamil Nadu,MADURAI,1981,160.4,449.0,2799.25,0.3,0.1,333.33,13.2,269.94,123.5,101.1,818.62,19.1,16.4,858.64,0.9,1.0,1111.11,5.0,8.2,1640.0,0.0,0.0,0.0,0.0,0.0,0.0,11.1,5.8,522.52,46.38,14.58,314.36,77.0,101.5,1318.18,11.7,4.6,393.16,0.0,0.0,0.0,0.0,0.0,0.0,0.3,0.1,333.33,0.0,0.0,0.0,6.4,2.0,312.5,0.0,0.0,0.0,79.72,108.2,1357.25,11.5,104.7,9104.35,48.9,13.2,29.05,16.99,6356116.72,928.2,11727.650000000001,33.0,9.9153°N,78.1338°E
Tamil Nadu,MADURAI,1982,101.0,197.0,1950.5,0.2,0.1,500.0,16.0,355.56,118.6,84.4,711.64,24.0,33.1,1379.17,1.0,4.7,4700.0,6.0,14.6,2433.33,0.0,0.0,0.0,0.0,0.0,0.0,7.4,4.3,581.08,44.83,14.72,328.35,76.9,80.4,1045.51,11.8,3.3,279.66,0.0,0.0,0.0,0.0,0.0,0.0,0.6,0.2,333.33,0.0,0.0,0.0,13.9,11.0,791.37,0.0,0.0,0.0,90.04,94.9,1053.98,9.3,86.5,9301.08,45.0,16.0,26.02,17.58,6356116.72,928.2,11727.650000000001,33.0,9.9153°N,78.1338°E
Tamil Nadu,MADURAI,1983,113.5,270.9,2386.78,0.2,0.1,500.0,12.2,336.09,127.2,100.4,789.31,17.6,19.0,1079.55,0.9,2.6,2888.89,5.0,7.9,1580.0,0.0,0.0,0.0,0.0,0.0,0.0,9.8,5.4,551.02,55.55,17.33,311.97,81.0,91.0,1123.46,11.8,3.3,279.66,0.0,0.0,0.0,0.0,0.0,0.0,0.3,0.1,333.33,0.0,0.0,0.0,12.2,9.1,745.9,0.0,0.0,0.0,111.05,103.5,932.01,7.1,57.3,8070.42,36.3,12.2,25.6,19.75,6356116.72,928.2,11727.650000000001,33.0,9.9153°N,78.1338°E
Tamil Nadu,MADURAI,1984,139.0,311.0,2237.41,0.1,0.0,0.0,23.4,444.02,97.5,83.8,859.49,20.2,24.1,1193.07,1.1,3.0,2727.27,5.4,7.1,1314.81,0.0,0.0,0.0,0.1,0.0,0.0,6.8,4.7,691.18,47.42,14.73,310.63,90.7,104.8,1155.46,9.9,3.1,313.13,0.0,0.0,0.0,0.0,0.0,0.0,0.3,0.1,333.33,0.0,0.0,0.0,12.8,11.9,929.69,0.0,0.0,0.0,92.33,119.9,1298.6,11.0,118.3,10754.55,52.7,23.4,25.99,15.11,6356116.72,928.2,11727.650000000001,33.0,9.9153°N,78.1338°E
Tamil Nadu,MADURAI,1985,113.6,343.3,3022.01,0.0,0.0,0.0,22.7,414.99,108.6,144.2,1327.81,20.0,20.4,1020.0,1.1,2.7,2454.55,5.7,9.7,1701.75,0.0,0.0,0.0,0.0,0.0,0.0,8.6,4.6,534.88,39.14,14.54,371.49,67.7,69.5,1026.59,7.9,2.6,329.11,0.0,0.0,0.0,0.0,0.0,0.0,0.5,0.2,400.0,0.0,0.0,0.0,5.3,3.9,735.85,0.0,0.0,0.0,84.82,76.2,898.37,11.3,120.5,10663.72,54.7,22.7,27.19,15.72,6356116.72,928.2,11727.650000000001,33.0,9.9153°N,78.1338°E
Tamil Nadu,MADURAI,1986,103.0,307.0,2980.58,0.0,0.0,0.0,9.0,230.77,130.1,132.2,1016.14,19.0,21.0,1105.26,2.0,5.0,2500.0,4.0,6.0,1500.0,0.0,0.0,0.0,0.0,0.0,0.0,7.0,5.0,714.29,44.45,15.51,348.93,53.0,48.0,905.66,8.1,2.1,259.26,0.0,0.0,0.0,0.0,0.0,0.0,0.6,0.2,333.33,0.0,0.0,0.0,3.9,2.5,641.03,0.0,0.0,0.0,79.32,52.8,665.66,11.0,123.1,11190.91,39.0,9.0,27.88,16.03,6356116.72,928.2,11727.650000000001,33.0,9.9153°N,78.1338°E
Tamil Nadu,MADURAI,1987,139.0,462.0,3323.74,0.0,0.0,0.0,13.0,270.83,127.8,180.0,1408.45,24.0,29.0,1208.33,2.0,5.0,2500.0,4.0,8.0,2000.0,0.0,0.0,0.0,0.0,0.0,0.0,10.0,6.0,600.0,52.71,21.39,405.81,70.0,73.0,1042.86,8.6,2.0,232.56,0.0,0.0,0.0,0.0,0.0,0.0,1.0,0.3,300.0,0.0,0.0,0.0,3.9,1.7,435.9,0.0,0.0,0.0,101.16,77.0,761.17,10.9,114.4,10495.41,48.0,13.0,27.34,14.96,6356116.72,928.2,11727.650000000001,33.0,9.9153°N,78.1338°E
Tamil Nadu,MADURAI,1988,129.2,512.5,3966.72,0.0,0.0,0.0,12.1,281.4,110.5,157.0,1420.81,29.6,36.1,1219.59,8.5,13.9,1635.29,3.4,6.5,1911.76,0.0,0.0,0.0,0.0,0.0,0.0,15.2,9.1,598.68,40.04,11.65,290.96,72.0,69.4,963.89,9.4,2.4,255.32,0.0,0.0,0.0,0.0,0.0,0.0,1.6,0.5,312.5,0.0,0.0,0.0,2.4,0.9,375.0,0.0,0.0,0.0,106.43,73.2,687.78,14.0,154.0,11000.0,43.0,12.1,29.6,14.77,6356116.72,928.2,11727.650000000001,33.0,9.9153°N,78.1338°E
Tamil Nadu,MADURAI,1989,158.1,601.4,3803.92,0.0,0.0,0.0,10.6,258.54,113.7,158.8,1396.66,28.2,43.7,1549.65,14.9,24.3,1630.87,3.2,5.5,1718.75,0.0,0.0,0.0,0.2,0.1,500.0,13.0,7.9,607.69,48.61,13.86,285.13,83.5,111.9,1340.12,10.5,2.3,219.05,0.0,0.0,0.0,0.0,0.0,0.0,1.2,0.3,250.0,0.0,0.0,0.0,1.8,1.2,666.67,0.0,0.0,0.0,111.33,115.7,1039.25,16.9,179.0,10591.72,41.0,10.6,29.39,16.48,6356116.72,928.2,11727.650000000001,33.0,9.9153°N,78.1338°E
Tamil Nadu,MADURAI,1990,141.1,490.11,3473.49,0.2,0.08,400.0,9.76,259.02,104.84,138.18,1318.01,23.76,34.29,1443.18,7.28,14.72,2021.98,2.41,4.78,1983.4,0.0,0.0,0.0,0.64,0.33,515.63,6.72,4.62,687.5,71.72,23.5,327.66,62.54,74.5,1191.24,6.86,1.51,220.12,0.0,0.0,0.0,0.0,0.0,0.0,0.99,0.18,181.82,0.0,0.0,0.0,3.91,1.97,503.84,0.36,0.0,0.0,95.66,78.16,817.06,18.9,189.45,10023.81,37.68,9.76,31.48,15.5,6356116.72,928.2,11727.650000000001,33.0,9.9153°N,78.1338°E
Tamil Nadu,MADURAI,1991,122.26,436.05,3566.58,0.08,0.03,375.0,9.97,272.93,96.47,142.4,1476.11,16.95,24.46,1443.07,11.82,24.01,2031.3,1.68,3.71,2208.33,0.0,0.0,0.0,0.27,0.14,518.52,7.36,4.82,654.89,58.4,21.66,370.89,67.59,80.72,1194.26,9.18,3.54,385.62,0.0,0.0,0.0,0.0,0.0,0.0,0.82,0.15,182.93,0.01,0.0,0.0,4.41,3.47,786.85,0.26,0.0,0.0,104.05,87.88,844.59,19.53,232.84,11922.17,36.53,9.97,31.64,18.65,6356116.72,928.2,11727.650000000001,33.0,9.9153°N,78.1338°E
Tamil Nadu,MADURAI,1992,139.81,532.41,3808.1,0.0,0.0,0.0,10.35,310.62,93.79,131.81,1405.37,14.72,19.12,1298.91,18.88,37.18,1969.28,1.49,3.28,2201.34,0.0,0.0,0.0,0.29,0.15,517.24,6.96,4.24,609.2,54.01,18.99,351.6,70.05,98.56,1407.0,7.59,2.62,345.19,0.0,0.0,0.0,0.0,0.0,0.0,0.56,0.14,250.0,0.0,0.0,0.0,6.69,4.41,659.19,0.53,0.0,0.0,108.87,105.73,971.16,17.73,219.3,12368.87,33.32,10.35,34.82,17.88,6356116.72,928.2,11727.650000000001,33.0,9.9153°N,78.1338°E
Tamil Nadu,MADURAI,1993,150.0,543.0,3620.0,0.0,0.0,0.0,10.88,310.86,93.6,121.0,1292.74,18.0,33.0,1833.33,18.0,36.0,2000.0,2.0,3.0,1500.0,0.0,0.0,0.0,0.0,0.0,0.0,10.0,7.0,700.0,77.0,27.0,350.65,76.0,146.0,1921.05,12.0,4.0,333.33,0.0,0.0,0.0,0.0,0.0,0.0,0.0,0.0,0.0,0.0,0.0,0.0,11.0,8.0,727.27,2.0,0.0,0.0,100.0,158.0,1580.0,17.8,247.8,13921.35,35.0,10.88,37.81,19.71,6356116.72,928.2,11727.650000000001,33.0,9.9153°N,78.1338°E
Tamil Nadu,MADURAI,1994,146.49,633.51,4324.6,0.0,0.0,0.0,11.43,306.68,84.57,159.04,1880.57,13.11,23.48,1791.0,18.88,37.76,2000.0,1.02,2.28,2235.29,0.0,0.0,0.0,0.52,0.29,557.69,7.07,5.94,840.17,44.59,18.4,412.65,62.04,131.79,2124.27,6.64,2.19,329.82,0.0,0.0,0.0,0.0,0.0,0.0,0.35,0.11,314.29,0.0,0.0,0.0,6.36,7.7,1210.69,0.28,0.0,0.0,103.5,141.79,1369.95,27.23,315.39,11582.45,37.27,11.43,39.2,21.62,6356116.72,928.2,11727.650000000001,33.0,9.9153°N,78.1338°E
Tamil Nadu,MADURAI,1995,107.65,342.75,3183.93,0.0,0.0,0.0,7.31,225.69,68.89,77.55,1125.71,10.56,19.05,1803.98,18.81,37.52,1994.68,0.72,1.61,2236.11,0.0,0.0,0.0,0.36,0.2,555.56,12.58,6.4,508.74,37.75,8.79,232.85,44.91,69.79,1554.0,6.98,2.23,319.48,0.0,0.0,0.0,0.0,0.0,0.0,0.17,0.06,352.94,0.0,0.0,0.0,2.66,3.2,1203.01,0.14,0.0,0.0,85.09,75.42,886.36,27.39,235.28,8590.0,32.39,7.31,39.06,17.7,6356116.72,928.2,11727.650000000001,33.0,9.9153°N,78.1338°E
Tamil Nadu,MADURAI,1996,127.03,462.58,3641.5,0.0,0.0,0.0,11.09,350.39,85.49,117.45,1373.84,8.31,13.12,1578.82,21.74,43.19,1986.66,0.79,1.58,2000.0,0.0,0.0,0.0,0.21,0.11,523.81,15.89,10.95,689.11,70.41,18.61,264.31,48.48,102.07,2105.4,7.78,2.63,338.05,0.0,0.0,0.0,0.0,0.0,0.0,0.74,0.28,378.38,0.0,0.0,0.0,2.27,2.86,1259.91,0.09,0.0,0.0,92.58,107.84,1164.83,20.35,252.81,12423.1,31.65,11.09,43.7,20.42,6356116.72,928.2,11727.650000000001,33.0,9.9153°N,78.1338°E
Tamil Nadu,MADURAI,1997,130.48,512.71,3929.41,0.0,0.0,0.0,8.28,273.99,82.89,84.17,1015.44,11.89,21.37,1797.31,28.53,56.39,1976.52,0.7,1.68,2400.0,0.0,0.0,0.0,0.24,0.12,500.0,10.51,4.29,408.18,51.88,20.76,400.15,53.81,105.04,1952.05,7.38,2.91,394.31,0.0,0.0,0.0,0.0,0.0,0.0,0.41,0.15,365.85,0.0,0.0,0.0,2.4,2.89,1204.17,0.07,0.0,0.0,98.66,110.99,1124.97,24.46,345.7,14133.28,30.22,8.28,46.22,22.68,6356116.72,928.2,11727.650000000001,33.0,9.9153°N,78.1338°E
Tamil Nadu,MADURAI,1998,132.93,627.68,4721.88,0.0,0.0,0.0,10.73,370.38,72.35,97.59,1348.86,13.97,24.57,1758.77,24.91,49.34,1980.73,0.67,1.61,2402.99,0.0,0.0,0.0,0.54,0.28,518.52,8.22,6.62,805.35,55.31,22.76,411.5,53.83,111.49,2071.15,9.86,4.96,503.04,0.0,0.0,0.0,0.0,0.0,0.0,0.39,0.14,358.97,0.0,0.0,0.0,1.94,2.43,1252.58,0.11,0.0,0.0,103.4,119.02,1151.06,29.59,498.2,16836.77,28.97,10.73,47.29,24.47,6726254.6,1077.1,19743.055,33.0,9.9153°N,78.1338°E
Tamil Nadu,MADURAI,1999,129.15,575.0,4452.19,0.0,0.0,0.0,6.62,289.21,73.83,108.04,1463.36,15.43,30.47,1974.72,38.05,75.67,1988.7,0.91,1.9,2087.91,0.0,0.0,0.0,0.55,0.28,509.09,5.73,4.35,759.16,53.93,19.99,370.67,53.09,123.56,2327.37,6.75,3.74,554.07,0.0,0.0,0.0,0.0,0.0,0.0,0.26,0.08,307.69,0.0,0.0,0.0,1.95,2.11,1082.05,0.03,0.0,0.0,101.9,129.49,1270.76,25.83,336.61,13031.75,22.89,6.62,48.4,25.01,7117820.71,922.8,18108.09,33.0,9.9153°N,78.1338°E
Tamil Nadu,MADURAI,2000,118.06,513.58,4350.16,0.0,0.0,0.0,5.2,280.02,64.77,100.11,1545.62,10.73,19.11,1780.99,30.7,61.03,1987.95,0.57,1.27,2228.07,0.0,0.0,0.0,0.3,0.16,533.33,7.14,4.41,617.65,42.48,14.78,347.93,33.54,69.76,2079.9,6.13,3.42,557.91,0.0,0.0,0.0,0.0,0.0,0.0,0.2,0.06,300.0,0.0,0.0,0.0,0.79,0.96,1215.19,0.0,0.0,0.0,84.73,74.2,875.72,24.39,271.88,11147.19,18.57,5.2,51.29,25.74,7606702.45,971.1,20146.1,33.0,9.9153°N,78.1338°E
Tamil Nadu,MADURAI,2001,101.66,425.8,4188.47,0.0,0.0,0.0,4.43,214.84,62.88,88.8,1412.21,11.17,14.56,1303.49,26.55,52.7,1984.93,0.59,1.25,2118.64,0.0,0.0,0.0,0.37,0.19,513.51,6.43,3.96,615.86,38.99,13.42,344.19,26.12,54.66,2092.65,4.54,1.89,416.3,0.0,0.0,0.0,0.0,0.0,0.0,0.41,0.1,243.9,0.0,0.0,0.0,0.65,0.82,1261.54,0.0,0.0,0.0,78.18,57.47,735.1,24.27,312.56,12878.45,20.62,4.43,51.51,23.46,14970419.66,481.3,38111.32,33.0,9.9153°N,78.1338°E
Tamil Nadu,MADURAI,2002,73.11,219.83,3006.84,0.0,0.0,0.0,2.17,150.69,65.09,66.3,1018.59,12.91,13.67,1058.87,38.89,77.18,1984.57,0.76,1.13,1486.84,0.0,0.0,0.0,0.55,0.29,527.27,5.12,4.83,943.36,40.79,12.22,299.58,18.39,27.82,1512.78,2.66,0.84,315.79,0.0,0.0,0.0,0.0,0.0,0.0,0.15,0.04,266.67,0.0,0.0,0.0,0.64,0.62,968.75,0.0,0.0,0.0,71.11,29.32,412.32,22.0,194.76,8852.73,14.4,2.17,54.93,19.88,6432921.17,315.9,16987.75,33.0,9.9153°N,78.1338°E
Tamil Nadu,MADURAI,2003,49.6,152.63,3077.22,0.0,0.0,0.0,2.56,159.6,77.58,69.28,893.01,14.8,12.4,837.84,42.5,84.36,1984.94,0.51,0.79,1549.02,0.0,0.0,0.0,0.47,0.25,531.91,4.78,4.67,976.99,44.13,12.09,273.96,18.2,29.26,1607.69,3.5,1.44,411.43,0.0,0.0,0.0,0.0,0.0,0.0,0.15,0.04,266.67,0.0,0.0,0.0,0.84,1.01,1202.38,0.0,0.0,0.0,72.1,31.73,440.08,14.23,115.77,8135.63,16.04,2.56,54.13,20.82,6913604.53,345.6,16763.64,33.0,9.9153°N,78.1338°E
Tamil Nadu,MADURAI,2004,98.04,337.92,3446.76,0.0,0.0,0.0,3.42,163.79,77.95,79.17,1015.65,14.54,19.74,1357.63,41.07,81.53,1985.15,0.3,0.47,1566.67,0.0,0.0,0.0,1.01,0.53,524.75,4.57,4.22,923.41,41.42,11.29,272.57,29.43,66.25,2251.1,2.97,1.19,400.67,0.0,0.0,0.0,0.0,0.0,0.0,0.24,0.07,291.67,0.0,0.0,0.0,1.42,1.67,1176.06,0.03,0.0,0.0,82.48,69.17,838.63,13.44,161.24,11997.02,20.88,3.42,55.99,23.34,7286027.51,1034.0,14122.815,33.0,9.9153°N,78.1338°E
Tamil Nadu,MADURAI,2005,110.43,375.08,3396.54,0.0,0.0,0.0,3.57,239.92,68.8,77.58,1127.62,13.94,17.05,1223.1,42.39,50.91,1200.99,0.39,0.54,1384.62,0.0,0.0,0.0,0.9,0.46,511.11,5.1,4.47,876.47,39.2,13.17,335.97,32.04,67.87,2118.29,3.33,1.2,360.36,0.0,0.0,0.0,0.0,0.0,0.0,0.3,0.1,333.33,0.0,0.0,0.0,2.09,2.94,1406.7,0.01,0.0,0.0,89.18,72.09,808.37,19.06,220.12,11548.79,14.88,3.57,59.54,24.91,4529258.48,1364.1,7931.49,33.0,9.9153°N,78.1338°E
Tamil Nadu,MADURAI,2006,100.76,412.98,4098.65,0.0,0.0,0.0,4.04,316.86,60.41,87.28,1444.79,11.87,19.37,1631.84,48.13,204.49,4248.7,0.33,0.51,1545.45,0.0,0.0,0.0,0.84,0.44,523.81,3.83,3.63,947.78,36.6,11.16,304.92,19.9,45.66,2294.47,2.74,1.1,401.46,0.01,0.0,0.0,0.0,0.0,0.0,0.38,0.13,342.11,0.0,0.0,0.0,4.44,9.64,2171.17,0.01,0.0,0.0,79.54,56.52,710.59,22.63,260.49,11510.83,12.75,4.04,61.62,22.83,6725591.73,927.9,11585.86,33.0,9.9153°N,78.1338°E
Tamil Nadu,MADURAI,2007,93.54,344.38,3681.63,0.0,0.0,0.0,3.14,310.89,58.67,84.84,1446.05,11.09,14.15,1275.92,53.35,236.09,4425.3,0.22,0.44,2000.0,0.0,0.0,0.0,0.87,0.46,528.74,5.05,4.27,845.54,36.78,8.52,231.65,21.33,44.99,2109.24,2.64,0.98,371.21,0.01,0.0,0.0,0.0,0.0,0.0,0.48,0.16,333.33,0.0,0.0,0.0,5.26,7.74,1471.48,0.01,0.0,0.0,82.96,53.88,649.47,19.86,204.89,10316.72,10.1,3.14,63.38,21.6,6178087.5,1067.2,7410.0,33.0,9.9153°N,78.1338°E
Tamil Nadu,MADURAI,2008,101.92,420.18,4122.65,0.0,0.0,0.0,3.08,340.33,49.01,63.69,1299.53,10.58,18.17,1717.39,69.06,429.04,6212.57,0.11,0.25,2272.73,0.0,0.0,0.0,0.63,0.32,507.94,3.71,2.53,681.94,29.34,7.84,267.21,18.08,48.96,2707.96,3.07,1.52,495.11,0.01,0.0,0.0,0.0,0.0,0.0,0.56,0.18,321.43,0.0,0.0,0.0,2.65,4.44,1675.47,0.0,0.0,0.0,78.77,55.1,699.5,16.32,200.36,12276.96,9.05,3.08,64.4,22.5,5597226.720000001,1201.9,3521.745,33.0,9.9153°N,78.1338°E
Tamil Nadu,MADURAI,2009,83.01,360.18,4339.0,0.0,0.0,0.0,2.71,352.86,46.43,63.1,1359.04,10.92,21.5,1968.86,55.74,324.63,5824.0,0.44,1.19,2704.55,0.0,0.0,0.0,0.65,0.34,523.08,4.12,4.99,1211.17,29.82,9.97,334.34,13.41,30.69,2288.59,3.18,1.1,345.91,0.01,0.0,0.0,0.0,0.0,0.0,0.39,0.13,333.33,0.0,0.0,0.0,1.21,1.88,1553.72,0.0,0.0,0.0,75.22,0.0,0.0,14.45,172.52,11939.1,7.68,2.71,65.82,24.95,6279312.27,928.5,6850.745000000001,33.0,9.9153°N,78.1338°E
Tamil Nadu,MADURAI,2010,94.77,432.12,4559.67,0.02,0.0,0.0,3.8,383.06,48.62,89.69,1844.71,10.38,23.68,2281.31,52.49,290.41,5532.67,0.1,0.24,2400.0,0.0,0.0,0.0,0.66,0.33,500.0,4.52,4.62,1022.12,35.03,13.33,380.53,16.75,42.35,2528.36,2.23,1.28,573.99,0.01,0.0,0.0,0.0,0.0,0.0,0.35,0.12,342.86,0.0,0.0,0.0,0.86,1.07,1244.19,0.0,0.0,0.0,79.11,0.0,0.0,14.81,177.36,11975.69,9.92,3.8,66.47,25.04,16313247.825,1095.2,23569.8,33.0,9.9153°N,78.1338°E
Tamil Nadu,MADURAI,2011,99.54,486.75,4889.99,0.0,0.0,0.0,5.21,470.22,48.39,99.22,2050.42,9.43,23.93,2537.65,58.13,357.64,6152.42,0.11,0.3,2727.27,0.0,0.0,0.0,0.67,0.44,656.72,4.4,5.57,1265.91,0.0,0.0,0.0,18.43,56.86,3085.19,0.0,0.0,0.0,0.01,0.0,0.0,0.0,0.0,0.0,0.4,0.12,300.0,0.0,0.0,0.0,1.61,2.51,1559.01,0.0,0.0,0.0,0.0,0.0,0.0,17.21,217.29,12625.8,11.08,5.21,67.81,25.32,6025359.36,926.5,11869.44,33.0,9.9153°N,78.1338°E
Tamil Nadu,MADURAI,2012,37.82,143.45,3792.97,0.0,0.0,0.0,2.59,304.35,35.31,53.07,1502.97,5.47,9.01,1647.17,50.72,191.94,3784.31,0.08,0.2,2500.0,0.0,0.0,0.0,0.29,0.14,482.76,3.78,2.52,666.67,30.82,10.3,334.2,11.32,31.89,2817.14,2.04,0.88,431.37,0.0,0.0,0.0,0.0,0.0,0.0,0.27,0.08,296.3,0.0,0.0,0.0,1.45,1.8,1241.38,0.01,0.0,0.0,76.72,0.0,0.0,16.73,159.9,9557.68,8.51,2.59,69.35,23.38,14153409.4,706.8,29095.205,33.0,9.9153°N,78.1338°E
Tamil Nadu,MADURAI,2013,52.0,240.54,4625.77,0.0,0.0,0.0,3.48,372.59,51.73,124.95,2415.43,4.2,8.66,2061.9,46.07,298.35,6476.02,0.18,0.62,3444.44,0.0,0.0,0.0,0.23,0.15,652.17,5.55,5.7,1027.03,34.28,15.51,452.45,8.2,21.51,2623.17,3.25,1.62,498.46,0.0,0.0,0.0,0.0,0.0,0.0,0.25,0.11,440.0,0.0,0.0,0.0,1.23,1.86,1512.2,0.0,0.0,0.0,12.92,25.1,1942.72,14.35,138.17,9628.57,9.34,3.48,65.64,23.85,4619056.32,740.9,8631.36,33.0,9.9153°N,78.1338°E
Tamil Nadu,MADURAI,2014,73.63,340.08,4618.77,0.0,0.0,0.0,8.69,610.25,82.9,242.76,2928.35,4.66,14.31,3070.82,40.18,311.02,7740.67,0.08,0.28,3500.0,0.0,0.0,0.0,0.58,0.32,551.72,0.0,0.0,0.0,52.72,35.84,679.82,12.49,43.12,3452.36,3.47,2.3,662.82,0.0,0.0,0.0,0.0,0.0,0.0,0.21,0.07,333.33,0.0,0.0,0.0,0.73,1.01,1383.56,0.0,0.0,0.0,16.86,46.48,2756.82,9.36,83.82,8955.13,14.24,8.69,63.91,24.69,4409013.24,911.3,9638.145,33.0,9.9153°N,78.1338°E
Tamil Nadu,MADURAI,2015,85.6,354.99,4147.08,0.0,0.0,0.0,7.17,490.76,61.18,137.86,2253.35,4.29,12.32,2871.79,47.78,396.77,8304.1,0.07,0.22,3142.86,0.0,0.0,0.0,0.59,0.32,542.37,0.0,0.0,0.0,53.05,37.48,706.52,15.44,41.84,2709.84,3.19,2.57,805.64,0.0,0.0,0.0,0.0,0.0,0.0,0.21,0.06,285.71,0.0,0.0,0.0,0.89,1.05,1179.78,0.0,0.0,0.0,19.6,45.46,2319.39,10.73,109.81,10237.06,14.61,7.17,63.51,26.36,4717877.07,1201.9,9859.41,33.0,9.9153°N,78.1338°E
Tamil Nadu,MADURAI,2016,77.18,313.06,4056.26,0.0,0.0,0.0,3.02,191.8,57.65,38.98,676.07,4.67,4.78,1025.07,40.99,67.35,1642.97,0.09,0.27,3000.0,0.0,0.0,0.0,0.59,0.34,577.97,5.42,3.15,581.06,30.36,11.13,366.69,6.97,15.72,2255.99,1.74,0.63,364.16,0.0,0.0,0.0,0.0,0.0,0.0,0.14,0.05,338.24,0.0,0.0,0.0,0.45,0.31,681.32,0.0,0.0,0.0,0.0,0.0,0.0,9.92,63.03,6356.0,15.77,3.02,62.89,25.41,2743175.0,912.4,6265.0,33.0,9.9153°N,78.1338°E
Tamil Nadu,MADURAI,2017,36.78,171.29,4656.49,0.0,0.0,0.0,0.01,0.44,72.78,142.62,1959.48,3.53,8.76,2482.72,42.88,362.97,8465.55,0.05,0.19,3795.92,0.0,0.0,0.0,0.36,0.33,925.0,6.24,7.02,1126.06,48.56,34.03,700.75,9.84,27.59,2803.6,1.82,0.65,360.33,0.01,0.0,285.71,0.0,0.0,0.0,0.11,0.04,346.56,0.0,0.0,0.0,0.1,0.13,1297.03,0.0,0.0,0.0,0.0,0.0,0.0,6.97,64.88,9303.31,19.67,0.01,0.0,0.0,4128470.4,970.9,9964.55,33.0,9.9153°N,78.1338°E
Tamil Nadu,SALEM,1978,124.9,245.3,1963.97,0.2,0.1,500.0,11.8,326.87,140.9,112.6,799.15,49.0,32.6,665.31,0.8,0.9,1125.0,131.3,176.6,1345.01,0.0,0.0,0.0,1.4,0.8,571.43,17.0,7.3,429.41,106.71,30.83,288.91,164.4,214.3,1303.53,14.0,3.3,235.71,0.5,0.1,200.0,0.0,0.0,0.0,7.1,3.0,422.54,0.0,0.0,0.0,0.0,0.0,0.0,0.0,0.0,0.0,197.72,220.7,1116.22,24.5,404.5,16510.2,36.1,11.8,26.65,38.81,6356116.72,928.2,11727.650000000001,32.5,11.7239°N,78.1816°E
Tamil Nadu,SALEM,1979,130.0,274.0,2107.69,0.0,0.0,0.0,7.9,271.48,143.3,122.6,855.55,43.3,38.2,882.22,1.1,1.2,1090.91,133.0,180.4,1356.39,0.0,0.0,0.0,1.3,0.8,615.38,20.4,14.2,696.08,103.31,22.62,218.95,122.7,191.7,1562.35,13.0,3.1,238.46,0.5,0.1,200.0,0.0,0.0,0.0,7.2,3.1,430.56,0.0,0.0,0.0,0.0,0.0,0.0,0.0,0.0,0.0,207.06,198.0,956.24,23.7,334.5,14113.92,29.1,7.9,19.52,43.13,6356116.72,928.2,11727.650000000001,32.5,11.7239°N,78.1816°E
Tamil Nadu,SALEM,1980,86.3,168.7,1954.81,0.0,0.0,0.0,6.2,264.96,114.4,116.9,1021.85,24.1,22.7,941.91,0.8,0.9,1125.0,118.0,132.6,1123.73,0.0,0.0,0.0,1.7,1.0,588.24,14.5,9.8,675.86,95.54,31.0,324.47,126.5,128.6,1016.6,10.6,2.3,216.98,0.6,0.2,333.33,0.0,0.0,0.0,5.5,2.3,418.18,0.0,0.0,0.0,0.7,0.1,142.86,0.0,0.0,0.0,158.49,133.5,842.32,29.0,403.6,13917.24,23.4,6.2,17.26,29.78,6356116.72,928.2,11727.650000000001,32.5,11.7239°N,78.1816°E
Tamil Nadu,SALEM,1981,123.1,282.9,2298.13,0.2,0.1,500.0,6.6,265.06,124.7,115.8,928.63,27.9,20.8,745.52,1.0,1.1,1100.0,123.0,165.1,1342.28,0.0,0.0,0.0,2.4,1.4,583.33,33.0,16.7,506.06,96.97,26.16,269.77,124.6,128.2,1028.89,13.9,3.2,230.22,0.7,0.2,285.71,0.0,0.0,0.0,15.2,4.4,289.47,0.0,0.0,0.0,2.8,0.9,321.43,0.0,0.0,0.0,201.49,136.9,679.44,26.0,252.2,9700.0,24.9,6.6,17.82,33.82,6356116.72,928.2,11727.650000000001,32.5,11.7239°N,78.1816°E
Tamil Nadu,SALEM,1982,65.0,127.0,1953.85,0.0,0.0,0.0,5.1,257.58,119.8,112.4,938.23,29.0,19.3,665.52,0.5,1.0,2000.0,90.0,98.1,1090.0,0.0,0.0,0.0,1.3,0.7,538.46,27.4,8.6,313.87,102.38,46.45,453.7,152.4,177.8,1166.67,14.0,2.3,164.29,0.7,0.2,285.71,0.0,0.0,0.0,11.8,3.7,313.56,0.0,0.0,0.0,5.1,2.4,470.59,0.0,0.0,0.0,158.96,186.4,1172.62,25.5,228.4,8956.86,19.8,5.1,17.3,37.22,6356116.72,928.2,11727.650000000001,32.5,11.7239°N,78.1816°E
Tamil Nadu,SALEM,1983,105.0,250.1,2381.9,0.1,0.1,1000.0,5.4,291.89,154.4,133.5,864.64,36.7,30.2,822.89,0.9,1.8,2000.0,123.1,136.0,1104.79,0.0,0.0,0.0,1.8,1.0,555.56,45.4,19.6,431.72,104.9,61.65,587.7,177.4,223.6,1260.43,14.0,2.3,164.29,0.4,0.1,250.0,0.0,0.0,0.0,14.0,4.4,314.29,0.0,0.0,0.0,7.9,5.1,645.57,0.0,0.0,0.0,185.21,235.5,1271.53,26.8,241.8,9022.39,18.5,5.4,18.3,43.7,6356116.72,928.2,11727.650000000001,32.5,11.7239°N,78.1816°E
Tamil Nadu,SALEM,1984,85.0,202.0,2376.47,0.1,0.0,0.0,9.3,395.74,144.1,90.4,627.34,30.3,37.1,1224.42,1.7,2.8,1647.06,113.8,120.4,1058.0,0.0,0.0,0.0,1.5,0.5,333.33,40.8,25.8,632.35,109.4,31.5,287.93,186.4,185.6,995.71,16.5,5.5,333.33,0.5,0.1,200.0,0.0,0.0,0.0,15.2,4.8,315.79,0.0,0.0,0.0,8.5,5.6,658.82,0.0,0.0,0.0,202.07,201.6,997.67,35.9,345.7,9629.53,23.5,9.3,20.11,43.23,6356116.72,928.2,11727.650000000001,32.5,11.7239°N,78.1816°E
Tamil Nadu,SALEM,1985,73.9,208.0,2814.61,0.0,0.0,0.0,10.8,404.49,138.3,141.7,1024.58,31.1,32.3,1038.59,2.5,4.0,1600.0,120.7,164.4,1362.05,0.0,0.0,0.0,1.6,0.6,375.0,44.1,24.1,546.49,101.25,42.64,421.14,196.6,212.4,1080.37,13.6,3.7,272.06,0.3,0.1,333.33,0.0,0.0,0.0,13.7,4.3,313.87,0.0,0.0,0.0,10.8,6.6,611.11,0.0,0.0,0.0,204.34,227.1,1111.38,30.4,319.0,10493.42,26.7,10.8,19.74,32.05,6356116.72,928.2,11727.650000000001,32.5,11.7239°N,78.1816°E
Tamil Nadu,SALEM,1986,99.0,310.0,3131.31,0.0,0.0,0.0,8.0,444.44,123.6,174.1,1408.58,37.0,46.0,1243.24,2.0,3.0,1500.0,108.0,169.0,1564.81,0.0,0.0,0.0,1.0,1.0,1000.0,47.0,35.0,744.68,110.04,58.32,529.99,187.0,226.0,1208.56,12.9,3.9,302.33,0.0,0.0,0.0,0.0,0.0,0.0,15.8,5.0,316.46,0.0,0.0,0.0,8.6,5.4,627.91,0.0,0.0,0.0,214.83,240.3,1118.56,28.1,292.0,10391.46,18.0,8.0,18.02,32.19,6356116.72,928.2,11727.650000000001,32.5,11.7239°N,78.1816°E
Tamil Nadu,SALEM,1987,99.0,334.0,3373.74,0.0,0.0,0.0,9.9,391.3,117.6,203.1,1727.04,29.0,23.0,793.1,2.0,3.0,1500.0,98.0,143.0,1459.18,0.0,0.0,0.0,2.0,1.0,500.0,54.6,37.1,679.49,112.44,46.46,413.2,192.1,217.4,1131.7,7.1,1.2,169.01,0.4,0.1,250.0,0.0,0.0,0.0,18.1,5.7,314.92,0.0,0.0,0.0,7.0,5.8,828.57,0.0,0.0,0.0,220.54,230.2,1043.8,31.2,318.0,10192.31,25.3,9.9,22.96,47.83,6356116.72,928.2,11727.650000000001,32.5,11.7239°N,78.1816°E
Tamil Nadu,SALEM,1988,100.0,329.9,3299.0,0.0,0.0,0.0,10.1,399.21,116.7,129.9,1113.11,28.4,25.5,897.89,2.2,3.7,1681.82,108.3,158.0,1458.91,0.0,0.0,0.0,0.7,0.2,285.71,48.2,32.8,680.5,104.47,30.12,288.31,193.0,217.3,1125.91,19.1,5.7,298.43,0.4,0.1,250.0,0.0,0.0,0.0,16.3,5.1,312.88,0.0,0.0,0.0,8.3,6.4,771.08,0.0,0.0,0.0,222.62,234.6,1053.81,33.8,350.5,10369.82,25.3,10.1,25.24,44.18,6356116.72,928.2,11727.650000000001,32.5,11.7239°N,78.1816°E
Tamil Nadu,SALEM,1989,101.8,326.2,3204.32,0.0,0.0,0.0,12.7,342.32,162.2,165.9,1022.81,27.2,28.6,1051.47,2.0,3.3,1650.0,107.7,193.3,1794.8,0.0,0.0,0.0,1.4,0.5,357.14,48.2,32.8,680.5,114.33,32.65,285.58,208.7,218.1,1045.04,13.8,3.2,231.88,0.5,0.1,200.0,0.0,0.0,0.0,20.6,6.5,315.53,0.0,0.0,0.0,8.5,6.2,729.41,0.0,0.0,0.0,248.96,234.1,940.31,26.5,251.1,9475.47,37.1,12.7,25.58,62.65,6356116.72,928.2,11727.650000000001,32.5,11.7239°N,78.1816°E
Tamil Nadu,SALEM,1990,60.31,197.22,3270.1,0.05,0.03,600.0,6.65,253.43,120.76,137.34,1137.3,18.78,27.27,1452.08,1.74,2.79,1603.45,101.64,206.88,2035.42,0.0,0.0,0.0,1.52,0.51,335.53,41.48,29.36,707.81,173.8,67.14,386.31,164.48,206.22,1253.77,8.11,3.16,389.64,0.52,0.12,230.77,0.0,0.0,0.0,18.51,5.86,316.59,0.0,0.0,0.0,6.15,5.11,830.89,0.07,0.0,0.0,212.48,220.47,1037.6,23.54,277.77,11799.92,26.24,6.65,25.38,57.14,6356116.72,928.2,11727.650000000001,32.5,11.7239°N,78.1816°E
Tamil Nadu,SALEM,1991,144.42,474.36,3284.59,0.08,0.04,500.0,8.13,266.12,115.6,119.46,1033.39,20.53,33.02,1608.38,1.68,2.74,1630.95,98.75,208.63,2112.71,0.0,0.0,0.0,1.36,0.4,294.12,38.75,22.96,592.52,163.66,70.66,431.75,209.11,332.83,1591.65,13.76,5.85,425.15,0.97,0.23,237.11,0.0,0.0,0.0,19.04,5.98,314.08,0.0,0.0,0.0,7.55,3.64,482.12,0.0,0.0,0.0,264.43,348.53,1318.04,28.29,339.41,11997.53,30.55,8.13,24.23,62.05,6356116.72,928.2,11727.650000000001,32.5,11.7239°N,78.1816°E
Tamil Nadu,SALEM,1992,104.16,310.95,2985.31,0.0,0.0,0.0,13.44,347.83,98.27,115.43,1174.62,16.16,26.95,1667.7,2.38,4.0,1680.67,92.98,187.77,2019.47,0.0,0.0,0.0,1.42,0.44,309.86,39.94,26.73,669.25,160.35,70.58,440.16,234.52,346.44,1477.23,12.57,9.84,782.82,0.59,0.15,254.24,0.0,0.0,0.0,21.47,6.7,312.06,0.0,0.0,0.0,13.56,10.91,804.57,0.0,0.0,0.0,301.06,374.04,1242.41,31.44,375.95,11957.7,38.64,13.44,28.76,58.37,6356116.72,928.2,11727.650000000001,32.5,11.7239°N,78.1816°E
Tamil Nadu,SALEM,1993,131.0,416.0,3175.57,0.0,0.0,0.0,9.35,275.0,109.04,140.58,1289.25,26.0,46.0,1769.23,3.0,4.0,1333.33,104.0,226.0,2173.08,0.0,0.0,0.0,1.6,1.0,625.0,49.0,27.0,551.02,179.0,84.0,469.27,232.0,378.0,1629.31,6.0,4.0,666.67,0.0,0.0,0.0,0.0,0.0,0.0,28.0,9.0,321.43,0.0,0.0,0.0,20.0,17.0,850.0,7.0,2.0,285.71,294.0,410.0,1394.56,38.9,481.6,12380.46,34.0,9.35,32.63,69.4,6356116.72,928.2,11727.650000000001,32.5,11.7239°N,78.1816°E
Tamil Nadu,SALEM,1994,118.98,423.84,3562.28,0.0,0.0,0.0,11.59,326.85,104.33,138.19,1324.55,19.19,45.36,2363.73,3.18,5.16,1622.64,95.84,210.28,2194.07,0.0,0.0,0.0,1.07,0.32,299.07,45.0,42.69,948.67,181.99,77.74,427.17,235.77,350.49,1486.58,12.32,8.71,706.98,0.67,0.17,253.73,0.0,0.0,0.0,30.39,9.51,312.93,0.0,0.0,0.0,25.38,24.26,955.87,8.34,0.0,0.0,331.23,393.14,1186.91,44.36,574.44,12949.5,35.46,11.59,35.25,65.5,6356116.72,928.2,11727.650000000001,32.5,11.7239°N,78.1816°E
Tamil Nadu,SALEM,1995,113.71,405.4,3565.21,0.0,0.0,0.0,15.98,316.75,84.47,116.58,1380.13,14.45,26.77,1852.6,3.14,5.52,1757.96,82.8,159.51,1926.45,0.0,0.0,0.0,1.1,0.36,327.27,33.28,31.88,957.93,152.52,67.71,443.94,235.59,438.9,1862.98,10.21,6.67,653.28,0.0,0.16,0.0,0.0,0.0,0.0,28.18,8.67,307.67,0.0,0.0,0.0,14.46,15.49,1071.23,5.0,0.0,0.0,317.4,474.89,1496.19,40.8,409.86,10045.59,50.45,15.98,42.28,62.28,6356116.72,928.2,11727.650000000001,32.5,11.7239°N,78.1816°E
Tamil Nadu,SALEM,1996,130.33,448.19,3438.89,0.0,0.0,0.0,12.75,265.51,60.29,80.3,1331.9,9.97,14.25,1429.29,2.29,4.19,1829.69,74.27,139.57,1879.22,0.0,0.0,0.0,0.79,0.45,569.62,27.61,24.95,903.66,218.91,55.54,253.71,217.48,339.16,1559.5,13.78,8.18,593.61,0.61,0.15,245.9,0.0,0.0,0.0,24.51,7.48,305.18,0.0,0.0,0.0,9.04,11.24,1243.36,3.58,0.0,0.0,292.96,366.21,1250.03,34.91,292.98,8392.44,48.02,12.75,40.42,68.15,6356116.72,928.2,11727.650000000001,32.5,11.7239°N,78.1816°E
Tamil Nadu,SALEM,1997,134.85,491.02,3641.23,0.0,0.0,0.0,16.53,321.41,59.16,81.54,1378.3,10.14,19.09,1882.64,2.32,4.03,1737.07,72.11,155.1,2150.88,0.0,0.0,0.0,1.05,0.42,400.0,26.89,16.59,616.96,137.85,66.88,485.17,205.37,308.16,1500.51,12.76,8.12,636.36,0.68,0.16,235.29,0.0,0.0,0.0,21.62,6.64,307.12,0.0,0.0,0.0,4.75,5.28,1111.58,1.69,0.0,0.0,274.42,328.36,1196.56,42.12,475.74,11294.87,51.43,16.53,44.59,81.61,6356116.72,928.2,11727.650000000001,32.5,11.7239°N,78.1816°E
Tamil Nadu,SALEM,1998,135.12,563.6,4171.11,0.0,0.0,0.0,14.04,346.75,54.26,100.44,1851.09,7.86,14.5,1844.78,2.38,4.01,1684.87,78.69,158.84,2018.55,0.0,0.0,0.0,3.37,1.45,430.27,22.87,14.66,641.01,150.89,79.69,528.13,184.32,332.64,1804.69,9.8,8.07,823.47,0.48,0.11,229.17,0.0,0.0,0.0,19.91,6.1,306.38,0.0,0.0,0.0,3.75,4.11,1096.0,1.55,0.0,0.0,249.84,351.03,1405.02,38.58,376.85,9768.01,40.49,14.04,46.25,67.12,6726254.6,1077.1,19743.055,32.5,11.7239°N,78.1816°E
Tamil Nadu,SALEM,1999,124.66,509.37,4086.07,0.0,0.0,0.0,11.2,343.24,56.06,79.44,1417.05,10.06,20.47,2034.79,3.48,5.94,1706.9,81.39,171.68,2109.35,0.0,0.0,0.0,1.71,0.59,345.03,28.1,20.36,724.56,173.95,94.27,541.94,199.41,325.0,1629.81,17.34,13.48,777.39,0.43,0.11,255.81,0.0,0.0,0.0,24.32,7.45,306.33,0.0,0.0,0.0,4.86,5.43,1117.28,0.41,0.0,0.0,280.62,351.47,1252.48,43.28,461.87,10671.67,32.63,11.2,49.53,89.19,7117820.71,922.8,18108.09,32.5,11.7239°N,78.1816°E
Tamil Nadu,SALEM,2000,123.33,485.65,3937.81,0.0,0.0,0.0,10.12,321.37,48.44,65.35,1349.09,7.36,13.25,1800.27,7.77,13.78,1773.49,87.79,181.47,2067.09,0.0,0.0,0.0,1.42,0.57,401.41,24.64,21.4,868.51,180.16,83.55,463.75,188.28,369.83,1964.26,13.93,12.71,912.42,0.4,0.1,250.0,0.0,0.0,0.0,24.33,7.47,307.03,0.0,0.0,0.0,1.48,2.08,1405.41,0.2,0.0,0.0,263.35,392.18,1489.2,43.82,480.18,10958.01,31.49,10.12,51.05,99.16,7606702.45,971.1,20146.1,32.5,11.7239°N,78.1816°E
Tamil Nadu,SALEM,2001,121.92,491.42,4030.68,0.0,0.0,0.0,8.52,289.3,44.84,60.65,1352.59,7.0,11.97,1710.0,7.04,12.4,1761.36,90.11,162.07,1798.58,0.0,0.0,0.0,1.35,0.5,370.37,23.77,17.69,744.22,187.35,88.76,473.77,160.26,291.4,1818.3,14.51,11.78,811.85,0.47,0.12,255.32,0.0,0.0,0.0,21.35,6.6,309.13,0.0,0.0,0.0,1.18,1.4,1186.44,0.05,0.0,0.0,233.57,311.29,1332.75,43.97,409.71,9317.94,29.45,8.52,50.23,93.95,14970419.66,481.3,38111.32,32.5,11.7239°N,78.1816°E
Tamil Nadu,SALEM,2002,50.65,152.16,3004.15,0.01,0.0,0.0,2.35,203.11,52.09,41.03,787.68,6.39,7.1,1111.11,8.47,14.97,1767.41,77.51,95.94,1237.78,0.0,0.0,0.0,0.74,0.21,283.78,15.85,7.83,494.01,162.33,54.85,337.89,100.08,111.43,1113.41,7.65,3.51,458.82,0.48,0.12,250.0,0.0,0.0,0.0,14.81,4.59,309.93,0.0,0.0,0.0,0.78,0.58,743.59,0.11,0.0,0.0,158.39,120.21,758.95,31.7,288.13,9089.27,11.57,2.35,48.42,55.88,6432921.17,315.9,16987.75,32.5,11.7239°N,78.1816°E
Tamil Nadu,SALEM,2003,37.07,106.82,2881.58,0.0,0.0,0.0,3.82,232.64,82.69,53.0,640.95,6.42,7.29,1135.51,12.05,22.25,1846.47,85.86,119.83,1395.64,0.0,0.0,0.0,0.69,0.14,202.9,5.78,3.17,548.44,80.46,25.22,313.45,90.24,116.74,1293.66,2.68,1.31,488.81,0.3,0.0,0.0,0.0,0.0,0.0,4.56,1.39,304.82,0.0,0.0,0.0,0.9,0.79,877.78,0.21,0.0,0.0,135.68,120.2,885.91,20.95,195.23,9318.85,16.42,3.82,51.58,76.03,6913604.53,345.6,16763.64,32.5,11.7239°N,78.1816°E
Tamil Nadu,SALEM,2004,67.88,209.24,3082.5,0.0,0.0,0.0,8.18,289.25,65.69,55.67,847.47,6.12,8.32,1359.48,16.07,29.65,1845.05,86.08,117.4,1363.85,0.0,0.0,0.0,0.95,0.2,210.53,7.68,5.33,694.01,77.3,27.73,358.73,108.6,134.58,1239.23,2.76,1.5,543.48,0.37,0.09,243.24,0.0,0.0,0.0,4.68,1.44,307.69,0.0,0.0,0.0,2.03,1.87,921.18,0.1,0.0,0.0,157.98,139.48,882.9,27.35,276.21,10099.09,28.28,8.18,52.43,81.27,7286027.51,1034.0,14122.815,32.5,11.7239°N,78.1816°E
Tamil Nadu,SALEM,2005,107.16,349.33,3259.89,0.0,0.0,0.0,8.43,313.03,62.48,61.36,982.07,3.7,4.21,1137.84,18.68,21.71,1162.21,78.18,103.38,1322.33,0.0,0.0,0.0,0.05,0.0,0.0,6.08,3.33,547.7,63.56,23.13,363.91,119.63,178.94,1495.78,3.14,1.94,617.83,0.47,0.11,234.04,0.0,0.0,0.0,4.49,1.39,309.58,0.0,0.0,0.0,1.31,1.89,1442.75,0.02,0.0,0.0,171.89,184.27,1072.02,40.55,422.78,10426.14,26.93,8.43,57.19,93.68,4529258.48,1364.1,7931.49,32.5,11.7239°N,78.1816°E
Tamil Nadu,SALEM,2006,81.65,284.6,3485.61,0.26,0.0,0.0,10.84,419.18,52.46,61.84,1178.8,3.49,5.3,1518.62,10.95,46.07,4207.31,74.95,108.61,1449.1,0.0,0.0,0.0,0.55,0.1,181.82,5.57,4.78,858.17,53.68,30.14,561.48,104.16,166.5,1598.5,1.97,1.19,604.06,0.25,0.07,280.0,0.0,0.0,0.0,2.81,0.87,309.61,0.0,0.0,0.0,1.76,3.68,2090.91,0.08,0.0,0.0,154.3,172.29,1116.59,56.15,769.52,13704.72,25.86,10.84,58.1,103.25,6725591.73,927.9,11585.86,32.5,11.7239°N,78.1816°E
Tamil Nadu,SALEM,2007,67.7,235.45,3477.84,0.02,0.0,0.0,9.74,400.33,50.06,49.19,982.62,2.46,3.45,1402.44,16.93,69.47,4103.37,75.38,144.23,1913.37,0.0,0.0,0.0,0.29,0.04,137.93,5.07,3.66,721.89,48.28,20.56,425.85,89.6,159.93,1784.93,2.16,1.24,574.07,0.19,0.04,210.53,0.0,0.0,0.0,2.64,0.82,310.61,0.0,0.0,0.0,4.29,7.05,1643.36,0.06,0.0,0.0,141.32,169.08,1196.43,50.92,566.97,11134.52,24.33,9.74,58.77,104.87,6178087.5,1067.2,7410.0,32.5,11.7239°N,78.1816°E
Tamil Nadu,SALEM,2008,78.83,317.71,4030.32,0.0,0.0,0.0,9.82,401.96,53.83,51.14,950.03,2.0,4.77,2385.0,41.84,142.37,3402.72,71.69,132.44,1847.4,0.0,0.0,0.0,0.33,0.07,212.12,5.57,3.43,615.8,52.15,22.86,438.35,84.93,150.84,1776.05,4.42,2.93,662.9,0.19,0.04,210.53,0.0,0.0,0.0,2.65,0.81,305.66,0.0,0.0,0.0,3.43,4.57,1332.36,0.13,0.0,0.0,138.27,159.21,1151.44,49.87,529.15,10610.59,24.43,9.82,59.77,96.83,5597226.720000001,1201.9,3521.745,32.5,11.7239°N,78.1816°E
Tamil Nadu,SALEM,2009,71.87,297.07,4133.44,0.18,0.0,0.0,9.02,350.56,46.64,51.24,1098.63,2.88,3.25,1128.47,30.55,152.13,4979.71,65.88,130.06,1974.2,0.0,0.0,0.0,0.61,0.28,459.02,5.78,3.62,626.3,61.92,25.37,409.72,78.34,128.43,1639.39,5.02,3.17,631.47,0.2,0.04,200.0,0.0,0.0,0.0,2.71,0.83,306.27,0.0,0.0,0.0,2.37,4.03,1700.42,0.21,0.0,0.0,130.97,0.0,0.0,51.32,506.65,9872.37,25.73,9.02,59.69,95.45,6279312.27,928.5,6850.745000000001,32.5,11.7239°N,78.1816°E
Tamil Nadu,SALEM,2010,86.56,365.08,4217.65,0.03,0.0,0.0,11.3,442.44,61.32,60.53,987.12,3.84,5.38,1401.04,34.12,191.61,5615.77,61.22,138.38,2260.37,0.0,0.0,0.0,0.61,0.28,459.02,11.99,9.91,826.52,88.38,40.59,459.27,78.94,178.94,2266.78,5.74,3.48,606.27,0.25,0.06,240.0,0.0,0.0,0.0,4.1,1.26,307.32,0.0,0.0,0.0,1.03,1.41,1368.93,0.16,0.0,0.0,134.33,0.0,0.0,51.48,549.72,10678.32,25.54,11.3,64.35,94.92,16313247.825,1095.2,23569.8,32.5,11.7239°N,78.1816°E
Tamil Nadu,SALEM,2011,83.06,380.75,4584.04,0.01,0.0,0.0,16.82,515.63,40.73,48.77,1197.4,2.75,5.71,2076.36,45.92,265.48,5781.36,68.95,190.81,2767.37,0.0,0.0,0.0,2.95,1.9,644.07,12.11,10.04,829.07,0.0,0.0,0.0,78.99,216.49,2740.73,0.0,0.0,0.0,0.3,0.08,266.67,0.0,0.0,0.0,4.39,1.26,287.02,0.0,0.0,0.0,1.12,2.17,1937.5,0.0,0.0,0.0,0.0,0.0,0.0,54.46,641.64,11781.86,32.62,16.82,64.74,92.33,6025359.36,926.5,11869.44,32.5,11.7239°N,78.1816°E
Tamil Nadu,SALEM,2012,48.23,199.06,4127.31,0.06,0.0,0.0,16.63,493.33,87.33,63.8,730.56,1.91,2.82,1476.44,41.47,215.09,5186.64,58.02,111.27,1917.79,0.0,0.0,0.0,2.15,1.0,465.12,17.93,15.85,883.99,112.38,43.75,389.3,74.79,134.73,1801.44,3.61,2.39,662.05,0.55,0.13,236.36,0.0,0.0,0.0,4.1,1.28,312.2,0.0,0.0,0.0,0.47,0.58,1234.04,0.05,0.0,0.0,128.6,0.0,0.0,53.03,433.49,8174.43,33.71,16.63,66.06,73.22,14153409.4,706.8,29095.205,32.5,11.7239°N,78.1816°E
Tamil Nadu,SALEM,2013,85.72,423.97,4945.99,0.0,0.0,0.0,17.3,586.84,143.16,222.54,1554.48,2.15,5.0,2325.58,62.56,463.73,7412.56,94.07,280.31,2979.8,0.0,0.0,0.0,4.63,2.85,615.55,25.13,25.42,1011.54,159.42,86.24,540.96,70.94,159.39,2246.83,3.3,2.22,672.73,0.57,0.13,228.07,0.0,0.0,0.0,4.6,1.32,286.96,0.0,0.0,0.0,0.22,0.39,1772.73,0.0,0.0,0.0,79.13,163.32,2063.95,38.46,387.84,10084.24,29.48,17.3,63.33,79.66,4619056.32,740.9,8631.36,32.5,11.7239°N,78.1816°E
Tamil Nadu,SALEM,2014,67.32,345.33,5129.68,0.0,0.0,0.0,21.15,614.29,155.23,299.76,1931.07,2.29,6.7,2925.76,67.3,595.82,8853.2,76.14,250.13,3285.13,0.0,0.0,0.0,2.42,1.29,533.06,0.0,0.0,0.0,178.69,136.44,763.56,70.4,161.91,2299.86,4.19,3.29,785.2,0.28,0.07,250.0,0.0,0.0,0.0,3.19,0.98,307.21,0.0,0.0,0.0,0.24,0.35,1458.33,0.0,0.0,0.0,78.02,166.52,2134.32,32.61,359.26,11016.87,34.43,21.15,59.47,77.58,4409013.24,911.3,9638.145,32.5,11.7239°N,78.1816°E
Tamil Nadu,SALEM,2015,92.85,434.67,4681.42,0.0,0.0,0.0,13.18,472.23,132.96,123.25,926.97,3.73,13.21,3541.56,60.39,551.01,9124.19,71.02,223.07,3140.95,0.0,0.0,0.0,0.96,0.52,541.67,0.0,0.0,0.0,178.41,122.89,688.79,76.36,160.18,2097.7,7.2,5.17,718.06,0.35,0.08,228.57,0.0,0.0,0.0,3.88,1.21,311.86,0.0,0.0,0.0,0.09,0.1,1111.11,0.0,0.0,0.0,87.59,166.61,1902.16,31.01,294.01,9481.32,27.91,13.18,59.21,78.25,4717877.07,1201.9,9859.41,32.5,11.7239°N,78.1816°E
Tamil Nadu,SALEM,2016,80.0,374.14,4676.96,0.0,0.0,0.0,8.47,282.49,91.73,58.58,638.63,2.21,5.03,2273.51,44.96,313.13,6965.03,49.98,91.59,1832.48,0.0,0.0,0.0,0.68,0.37,548.53,25.29,15.28,604.3,53.3,31.91,598.62,64.18,80.41,1252.91,1.25,0.57,454.11,0.18,0.04,232.95,0.0,0.0,0.0,3.45,1.05,304.28,0.0,0.0,0.0,0.19,0.16,842.93,0.0,0.0,0.0,0.0,0.0,0.0,26.84,229.94,8565.61,30.0,8.47,57.59,68.13,2743175.0,912.4,6265.0,32.5,11.7239°N,78.1816°E
Tamil Nadu,SALEM,2017,73.11,360.43,4929.77,0.0,0.0,0.0,0.02,0.5,157.37,135.12,858.59,1.87,3.68,1966.86,51.96,475.72,9156.11,65.84,250.35,3802.38,0.0,0.0,0.0,1.1,1.02,925.59,19.77,22.95,1161.22,129.66,94.85,731.56,66.56,179.0,2689.27,3.92,2.72,694.05,0.28,0.07,232.14,0.0,0.0,0.0,2.97,0.93,312.91,0.0,0.0,0.0,0.03,0.04,1363.64,0.0,0.0,0.0,0.0,0.0,0.0,24.56,222.99,9079.06,37.06,0.02,0.0,0.0,4128470.4,970.9,9964.55,32.5,11.7239°N,78.1816°E
Tamil Nadu,THANJAVUR,1978,635.8,1361.9,2142.03,0.0,0.0,0.0,0.9,428.57,1.1,1.5,1363.64,1.6,1.7,1062.5,3.2,3.5,1093.75,3.0,3.4,1133.33,0.0,0.0,0.0,0.0,0.0,0.0,3.4,1.4,411.76,162.0,56.21,346.98,62.6,66.0,1054.31,7.6,2.9,381.58,0.0,0.0,0.0,0.0,0.0,0.0,0.0,0.0,0.0,0.0,0.0,0.0,0.0,0.0,0.0,0.0,0.0,0.0,90.54,68.9,760.99,9.3,60.8,6537.63,2.1,0.9,12.6,2.55,6356116.72,928.2,11727.650000000001,32.0,10.8748°N,79.2511°E
Tamil Nadu,THANJAVUR,1979,660.2,1367.4,2071.19,0.0,0.0,0.0,0.6,352.94,1.1,1.2,1090.91,1.3,1.2,923.08,3.0,4.6,1533.33,3.1,3.5,1129.03,0.0,0.0,0.0,0.0,0.0,0.0,2.4,1.1,458.33,152.34,46.35,304.25,46.7,59.1,1265.52,7.9,1.8,227.85,0.0,0.0,0.0,0.0,0.0,0.0,0.0,0.0,0.0,0.0,0.0,0.0,0.0,0.0,0.0,0.0,0.0,0.0,87.32,60.9,697.43,9.0,50.3,5588.89,1.7,0.6,12.01,2.76,6356116.72,928.2,11727.650000000001,32.0,10.8748°N,79.2511°E
Tamil Nadu,THANJAVUR,1980,652.4,1414.7,2168.45,0.0,0.0,0.0,0.5,357.14,0.4,0.6,1500.0,1.0,0.9,900.0,2.0,3.0,1500.0,1.5,1.6,1066.67,0.0,0.0,0.0,0.0,0.0,0.0,3.4,1.9,558.82,146.61,47.56,324.4,36.0,56.8,1577.78,10.3,2.4,233.01,0.0,0.0,0.0,0.0,0.0,0.0,0.0,0.0,0.0,0.0,0.0,0.0,0.0,0.0,0.0,0.0,0.0,0.0,82.24,59.2,719.84,11.0,60.7,5518.18,1.4,0.5,12.79,2.33,6356116.72,928.2,11727.650000000001,32.0,10.8748°N,79.2511°E
Tamil Nadu,THANJAVUR,1981,658.4,1582.5,2403.55,0.0,0.0,0.0,0.5,357.14,0.1,0.3,3000.0,1.4,1.4,1000.0,2.0,4.3,2150.0,2.3,3.3,1434.78,0.0,0.0,0.0,0.0,0.0,0.0,4.6,1.9,413.04,113.56,34.45,303.36,47.5,39.5,831.58,11.5,3.2,278.26,0.0,0.0,0.0,0.0,0.0,0.0,0.0,0.0,0.0,0.0,0.0,0.0,0.1,0.0,0.0,0.0,0.0,0.0,79.17,42.7,539.35,13.2,141.4,10712.12,1.4,0.5,14.4,2.51,6356116.72,928.2,11727.650000000001,32.0,10.8748°N,79.2511°E
Tamil Nadu,THANJAVUR,1982,558.0,1214.9,2177.24,0.0,0.0,0.0,0.4,333.33,0.5,0.7,1400.0,0.9,0.9,1000.0,2.0,9.4,4700.0,2.6,3.2,1230.77,0.0,0.0,0.0,0.0,0.0,0.0,3.8,1.2,315.79,80.59,21.87,271.37,58.0,54.8,944.83,12.3,2.4,195.12,0.0,0.0,0.0,0.0,0.0,0.0,0.1,0.0,0.0,0.0,0.0,0.0,0.4,0.2,500.0,0.0,0.0,0.0,74.76,57.4,767.79,11.2,95.1,8491.07,1.2,0.4,14.04,5.46,6356116.72,928.2,11727.650000000001,32.0,10.8748°N,79.2511°E
Tamil Nadu,THANJAVUR,1983,552.6,975.2,1764.75,0.0,0.0,0.0,0.4,363.64,0.6,1.1,1833.33,2.1,3.3,1571.43,2.0,7.8,3900.0,1.9,2.2,1157.89,0.0,0.0,0.0,0.0,0.0,0.0,2.8,0.8,285.71,130.17,17.35,133.29,67.5,68.9,1020.74,10.7,4.2,392.52,0.0,0.0,0.0,0.0,0.0,0.0,0.0,0.0,0.0,0.0,0.0,0.0,0.2,0.1,500.0,0.0,0.0,0.0,81.26,73.2,900.81,9.1,99.6,10945.05,1.1,0.4,13.96,2.41,6356116.72,928.2,11727.650000000001,32.0,10.8748°N,79.2511°E
Tamil Nadu,THANJAVUR,1984,671.2,1541.5,2296.63,0.0,0.0,0.0,4.5,652.17,0.8,0.7,875.0,8.0,8.5,1062.5,2.2,6.2,2818.18,2.3,3.1,1347.83,0.0,0.0,0.0,0.0,0.0,0.0,2.2,1.4,636.36,153.32,35.8,233.5,56.5,62.4,1104.42,16.0,5.4,337.5,0.0,0.0,0.0,0.0,0.0,0.0,0.0,0.0,0.0,0.0,0.0,0.0,0.1,0.1,1000.0,0.0,0.0,0.0,84.79,67.9,800.8,8.5,68.9,8105.88,6.9,4.5,14.04,2.11,6356116.72,928.2,11727.650000000001,32.0,10.8748°N,79.2511°E
Tamil Nadu,THANJAVUR,1985,551.1,1290.0,2340.77,0.0,0.0,0.0,2.7,540.0,1.1,0.9,818.18,1.7,2.0,1176.47,1.6,4.4,2750.0,2.2,3.3,1500.0,0.0,0.0,0.0,0.0,0.0,0.0,3.2,1.9,593.75,110.31,48.59,440.49,60.8,61.3,1008.22,14.3,4.7,328.67,0.0,0.0,0.0,0.0,0.0,0.0,0.0,0.0,0.0,0.0,0.0,0.0,0.1,0.0,0.0,0.0,0.0,0.0,93.19,66.0,708.23,11.3,121.1,10716.81,5.0,2.7,14.06,1.86,6356116.72,928.2,11727.650000000001,32.0,10.8748°N,79.2511°E
Tamil Nadu,THANJAVUR,1986,514.0,1394.0,2712.06,0.0,0.0,0.0,1.0,333.33,1.4,1.6,1142.86,1.0,2.0,2000.0,2.0,5.0,2500.0,2.0,2.0,1000.0,0.0,0.0,0.0,0.0,0.0,0.0,3.0,2.0,666.67,193.86,77.55,400.03,58.0,55.0,948.28,22.7,10.3,453.74,0.0,0.0,0.0,0.0,0.0,0.0,0.0,0.0,0.0,0.0,0.0,0.0,0.0,0.0,0.0,0.0,0.0,0.0,102.34,65.3,638.07,12.8,111.7,8726.56,3.0,1.0,13.63,1.6,6356116.72,928.2,11727.650000000001,32.0,10.8748°N,79.2511°E
Tamil Nadu,THANJAVUR,1987,478.0,1328.0,2778.24,0.0,0.0,0.0,3.0,428.57,1.0,1.0,1000.0,1.0,1.0,1000.0,2.0,4.0,2000.0,2.0,2.0,1000.0,0.0,0.0,0.0,0.0,0.0,0.0,3.0,2.0,666.67,121.61,48.37,397.75,50.0,58.0,1160.0,30.4,6.7,220.39,0.0,0.0,0.0,0.0,0.0,0.0,0.0,0.0,0.0,0.0,0.0,0.0,0.0,0.0,0.0,0.0,0.0,0.0,114.84,64.7,563.39,15.7,177.0,11273.89,7.0,3.0,13.57,1.83,6356116.72,928.2,11727.650000000001,32.0,10.8748°N,79.2511°E
Tamil Nadu,THANJAVUR,1988,494.3,1557.7,3151.33,0.0,0.0,0.0,2.8,358.97,0.7,1.0,1428.57,1.1,1.0,909.09,1.4,3.0,2142.86,1.3,1.4,1076.92,0.0,0.0,0.0,0.0,0.0,0.0,3.4,1.9,558.82,156.21,58.92,377.18,28.6,53.8,1881.12,25.1,3.8,151.39,0.0,0.0,0.0,0.0,0.0,0.0,0.0,0.0,0.0,0.0,0.0,0.0,0.0,0.0,0.0,0.0,0.0,0.0,90.6,57.6,635.76,20.6,233.1,11315.53,7.8,2.8,13.74,1.51,6356116.72,928.2,11727.650000000001,32.0,10.8748°N,79.2511°E
Tamil Nadu,THANJAVUR,1989,503.1,1575.1,3130.79,0.0,0.0,0.0,1.3,333.33,1.4,1.2,857.14,0.7,0.9,1285.71,1.3,2.6,2000.0,1.7,2.3,1352.94,0.0,0.0,0.0,0.0,0.0,0.0,2.7,1.6,592.59,195.34,72.26,369.92,49.1,58.9,1199.59,21.0,3.1,147.62,0.0,0.0,0.0,0.0,0.0,0.0,0.0,0.0,0.0,0.0,0.0,0.0,0.0,0.0,0.0,0.0,0.0,0.0,106.44,62.0,582.49,27.3,310.3,11366.3,3.9,1.3,13.64,1.54,6356116.72,928.2,11727.650000000001,32.0,10.8748°N,79.2511°E
Tamil Nadu,THANJAVUR,1990,479.98,1492.18,3108.82,0.0,0.0,0.0,1.94,353.19,8.88,5.37,604.32,2.73,2.55,932.33,1.25,3.22,2573.58,4.65,7.01,1507.23,0.0,0.0,0.0,0.01,0.0,500.0,0.89,0.55,613.7,182.85,67.41,368.64,47.84,62.89,1314.77,27.77,8.22,295.98,0.02,0.0,200.0,0.0,0.0,0.0,1.27,0.35,272.96,0.0,0.0,0.0,0.03,0.02,600.0,0.2,0.0,0.0,104.45,71.48,684.35,28.1,324.27,11541.35,5.49,1.94,12.08,3.11,6356116.72,928.2,11727.650000000001,32.0,10.8748°N,79.2511°E
Tamil Nadu,THANJAVUR,1991,495.8,1666.77,3361.79,0.0,0.0,0.0,3.24,406.26,8.24,3.98,483.11,2.81,2.49,888.64,0.86,2.15,2506.31,4.78,6.35,1328.04,0.0,0.0,0.0,0.0,0.0,1000.0,0.89,0.49,545.37,169.8,83.22,490.12,58.59,101.34,1729.61,29.42,10.73,364.76,0.03,0.01,250.0,0.0,0.0,0.0,0.89,0.24,268.9,0.0,0.0,0.0,0.04,0.03,571.43,0.93,0.0,0.0,117.63,112.34,955.01,29.42,347.97,11827.12,7.98,3.24,12.46,3.09,6356116.72,928.2,11727.650000000001,32.0,10.8748°N,79.2511°E
Tamil Nadu,THANJAVUR,1992,552.55,1845.51,3339.96,0.0,0.0,0.0,3.17,482.79,8.63,2.83,328.02,2.32,2.35,1014.34,1.13,2.68,2370.79,4.42,6.13,1386.22,0.0,0.0,0.0,0.0,0.0,1000.0,0.84,0.5,598.48,145.57,56.27,386.54,59.03,101.99,1727.71,20.4,8.76,429.48,0.02,0.01,285.71,0.0,0.0,0.0,0.92,0.26,279.48,0.0,0.0,0.0,0.11,0.08,705.88,1.98,0.0,0.0,109.96,111.09,1010.26,22.01,302.58,13748.62,6.56,3.17,12.83,3.04,6356116.72,928.2,11727.650000000001,32.0,10.8748°N,79.2511°E
Tamil Nadu,THANJAVUR,1993,562.72,1280.84,2276.16,0.0,0.0,0.0,2.58,356.91,7.45,3.44,461.54,1.6,1.92,1200.0,0.96,1.92,2000.0,3.84,6.72,1750.0,0.0,0.0,0.0,0.0,0.0,0.0,0.96,0.32,333.33,127.24,47.88,376.3,48.84,95.04,1945.95,18.76,4.6,245.2,0.0,0.0,0.0,0.0,0.0,0.0,1.6,0.32,200.0,0.0,0.0,0.0,0.32,0.32,1000.0,7.32,2.0,273.22,76.84,102.6,1335.24,19.0,215.4,11339.23,7.24,2.58,13.59,3.38,6356116.72,928.2,11727.650000000001,32.0,10.8748°N,79.2511°E
Tamil Nadu,THANJAVUR,1994,552.22,1933.73,3501.73,0.0,0.0,0.0,4.14,391.83,4.6,2.6,565.37,1.07,1.49,1392.0,0.63,1.5,2394.77,4.08,2.54,624.46,0.0,0.0,0.0,0.02,0.01,800.0,1.01,0.82,818.15,124.35,57.13,459.46,43.56,73.85,1695.4,18.09,9.3,514.11,0.02,0.01,285.71,0.0,0.0,0.0,0.76,0.2,269.9,0.0,0.0,0.0,0.96,0.89,923.59,2.22,0.0,0.0,95.22,84.25,884.75,29.3,335.5,11448.76,10.55,4.14,12.84,3.99,6356116.72,928.2,11727.650000000001,32.0,10.8748°N,79.2511°E
Tamil Nadu,THANJAVUR,1995,497.37,1290.05,2593.72,0.0,0.0,0.0,2.03,278.26,4.05,1.22,301.5,0.9,1.12,1237.72,0.86,2.07,2396.48,3.99,6.09,1525.98,0.0,0.0,0.0,0.02,0.01,666.67,0.82,0.6,735.22,98.68,24.87,252.07,35.86,57.89,1614.56,14.92,4.81,322.54,0.0,0.0,0.0,0.0,0.0,0.0,0.76,0.2,269.76,0.0,0.0,0.0,0.39,0.36,918.7,1.57,0.0,0.0,84.89,64.85,763.87,31.34,346.59,11060.49,7.29,2.03,8.23,3.43,6356116.72,928.2,11727.650000000001,32.0,10.8748°N,79.2511°E
Tamil Nadu,THANJAVUR,1996,489.47,995.66,2034.17,0.0,0.0,0.0,1.71,327.4,4.95,2.59,523.26,0.77,0.83,1079.75,1.25,2.97,2381.14,4.07,3.95,971.29,0.0,0.0,0.0,0.01,0.01,666.67,0.78,0.69,881.48,154.45,27.36,177.15,35.7,65.36,1830.91,15.9,6.07,382.02,0.02,0.0,200.0,0.0,0.0,0.0,0.69,0.19,276.5,0.0,0.0,0.0,0.35,0.41,1174.31,3.44,0.0,0.0,88.73,72.05,812.08,28.74,219.74,7645.28,5.23,1.71,11.9,3.3,6356116.72,928.2,11727.650000000001,32.0,10.8748°N,79.2511°E
Tamil Nadu,THANJAVUR,1997,526.14,1130.97,2149.54,0.0,0.0,0.0,2.65,364.13,4.25,3.89,916.42,0.64,0.92,1452.26,1.27,3.0,2357.66,3.91,5.26,1342.39,0.0,0.0,0.0,0.0,0.0,0.0,0.66,0.34,512.4,127.54,34.15,267.79,34.22,57.49,1679.91,13.39,7.18,536.35,0.03,0.01,200.0,0.0,0.0,0.0,0.66,0.18,276.53,0.0,0.0,0.0,0.25,0.28,1141.03,6.69,0.0,0.0,87.74,65.14,742.43,28.59,257.45,9006.27,7.27,2.65,12.45,4.78,6356116.72,928.2,11727.650000000001,32.0,10.8748°N,79.2511°E
Tamil Nadu,THANJAVUR,1998,521.95,1599.01,3063.55,0.0,0.0,0.0,3.02,388.03,3.6,3.26,905.78,0.5,0.83,1661.06,0.9,2.15,2394.4,4.08,4.43,1086.72,0.0,0.0,0.0,0.0,0.0,1000.0,0.62,0.4,649.35,124.51,53.59,430.39,32.98,61.98,1879.72,13.64,8.47,621.03,0.05,0.01,250.0,0.0,0.0,0.0,0.63,0.18,277.78,0.0,0.0,0.0,0.28,0.43,1568.94,1.27,0.0,0.0,82.69,71.08,859.51,30.49,311.48,10215.39,7.78,3.02,13.35,3.91,6726254.6,1077.1,19743.055,32.0,10.8748°N,79.2511°E
Tamil Nadu,THANJAVUR,1999,535.44,1781.51,3327.21,0.0,0.0,0.0,2.78,407.58,3.98,3.67,922.09,0.43,0.75,1733.58,1.69,3.96,2342.32,3.74,3.18,849.67,0.0,0.0,0.0,0.0,0.0,1000.0,0.68,0.45,663.33,165.0,47.51,287.93,31.6,60.07,1900.68,19.31,10.35,536.31,0.02,0.01,333.33,0.0,0.0,0.0,0.62,0.17,274.61,0.0,0.0,0.0,0.2,0.34,1754.1,0.97,0.0,0.0,88.35,70.94,802.99,28.04,309.24,11029.33,6.81,2.78,12.47,4.29,7117820.71,922.8,18108.09,32.0,10.8748°N,79.2511°E
Tamil Nadu,THANJAVUR,2000,551.95,2011.5,3644.38,0.0,0.0,0.0,3.71,477.61,3.7,1.0,270.53,0.39,0.45,1148.61,1.85,4.32,2341.64,3.5,2.2,626.75,0.0,0.0,0.0,0.01,0.01,666.67,0.66,0.47,715.85,170.48,80.66,473.11,25.83,47.85,1852.48,16.49,9.55,579.5,0.03,0.01,250.0,0.0,0.0,0.0,0.55,0.15,279.07,0.0,0.0,0.0,0.14,0.21,1466.67,0.42,0.0,0.0,81.75,57.78,706.73,27.65,342.69,12395.0,7.76,3.71,12.36,5.11,7606702.45,971.1,20146.1,32.0,10.8748°N,79.2511°E
Tamil Nadu,THANJAVUR,2001,551.3,1524.11,2764.57,0.0,0.0,0.0,2.99,332.92,3.88,1.22,314.66,0.23,0.26,1128.3,1.53,3.61,2350.2,3.35,3.75,1119.39,0.0,0.0,0.0,0.01,0.01,750.0,0.6,0.39,646.98,165.05,41.71,252.7,23.25,39.36,1692.74,12.94,6.15,475.22,0.03,0.01,250.0,0.0,0.0,0.0,0.55,0.15,280.7,0.0,0.0,0.0,0.12,0.2,1605.26,0.15,0.0,0.0,76.09,45.86,602.75,28.24,332.28,11765.75,8.97,2.99,12.79,4.78,14970419.66,481.3,38111.32,32.0,10.8748°N,79.2511°E
Tamil Nadu,THANJAVUR,2002,413.31,613.79,1485.06,0.0,0.0,0.0,1.55,322.94,1.08,0.47,434.91,0.51,0.44,874.21,2.55,5.93,2323.35,3.07,3.41,1110.53,0.0,0.0,0.0,0.11,0.09,800.0,0.21,0.12,562.86,79.21,25.33,319.81,15.72,23.24,1477.77,9.72,5.02,516.03,0.03,0.01,200.0,0.0,0.0,0.0,0.27,0.08,282.35,0.0,0.0,0.0,0.13,0.17,1298.14,0.62,0.0,0.0,65.31,28.5,436.43,24.65,264.19,10716.94,4.79,1.55,12.72,3.77,6432921.17,315.9,16987.75,32.0,10.8748°N,79.2511°E
Tamil Nadu,THANJAVUR,2003,381.39,786.79,2062.94,0.0,0.0,0.0,2.85,346.37,1.95,1.06,541.87,0.58,0.64,1105.77,4.22,9.97,2361.8,2.73,2.26,827.1,0.0,0.0,0.0,0.1,0.08,800.0,0.45,0.24,537.44,87.36,27.57,315.59,22.49,34.31,1525.58,10.7,4.03,376.92,0.02,0.0,0.0,0.0,0.0,0.0,0.38,0.11,288.58,0.0,0.0,0.0,0.4,0.59,1467.6,0.7,0.0,0.0,74.02,39.04,527.4,17.97,187.81,10452.37,8.22,2.85,13.13,4.05,6913604.53,345.6,16763.64,32.0,10.8748°N,79.2511°E
Tamil Nadu,THANJAVUR,2004,480.07,888.99,1851.78,0.0,0.0,0.0,3.39,312.4,0.24,0.14,600.0,0.45,0.55,1244.17,5.92,13.89,2344.95,2.62,3.12,1188.68,0.0,0.0,0.0,0.0,0.0,1000.0,0.51,0.33,658.0,165.6,42.91,259.15,26.98,53.34,1976.8,14.32,6.2,433.11,0.03,0.01,250.0,0.0,0.0,0.0,0.43,0.12,274.07,0.0,0.0,0.0,0.96,1.41,1473.2,0.73,0.0,0.0,83.5,61.09,731.67,22.76,264.3,11610.24,10.85,3.39,14.27,4.17,7286027.51,1034.0,14122.815,32.0,10.8748°N,79.2511°E
Tamil Nadu,THANJAVUR,2005,483.03,837.03,1732.86,0.0,0.0,0.0,2.05,351.49,0.8,0.3,381.53,0.15,0.18,1212.77,5.01,6.28,1253.23,2.27,2.28,1002.82,0.0,0.0,0.0,0.0,0.0,1000.0,0.43,0.53,1236.06,152.38,32.15,210.99,26.9,57.18,2125.9,12.72,7.02,551.83,0.02,0.0,166.67,0.0,0.0,0.0,0.42,0.12,276.92,0.0,0.0,0.0,0.71,1.29,1821.83,0.42,0.0,0.0,83.73,65.61,783.58,36.64,374.31,10216.34,5.84,2.05,15.0,5.1,4529258.48,1364.1,7931.49,32.0,10.8748°N,79.2511°E
Tamil Nadu,THANJAVUR,2006,519.19,1866.86,3595.75,0.0,0.0,0.0,1.12,517.88,0.08,0.12,1440.0,0.15,0.22,1458.33,5.47,32.24,5889.15,2.65,4.72,1778.2,0.0,0.0,0.0,0.01,0.01,1000.0,0.3,0.22,733.77,189.09,93.07,492.2,22.24,46.71,2100.47,9.85,6.12,621.65,0.02,0.0,200.0,0.0,0.0,0.0,0.3,0.08,273.68,0.0,0.0,0.0,1.95,5.0,2561.22,0.2,0.0,0.0,80.09,57.93,723.28,41.51,480.48,11573.68,2.16,1.12,14.67,5.51,6725591.73,927.9,11585.86,32.0,10.8748°N,79.2511°E
Tamil Nadu,THANJAVUR,2007,468.18,1133.67,2421.46,0.0,0.0,0.0,1.19,341.88,0.25,0.12,462.4,0.15,0.24,1654.89,7.8,38.2,4897.29,1.89,1.78,942.68,0.0,0.0,0.0,0.02,0.02,1000.0,0.32,0.44,1404.82,230.39,26.65,115.66,38.0,64.24,1690.4,24.0,9.09,378.77,0.02,0.0,200.0,0.0,0.0,0.0,0.26,0.07,275.0,0.0,0.0,0.0,2.7,5.31,1970.05,0.12,0.0,0.0,113.26,78.71,694.96,37.64,411.75,10938.84,3.49,1.19,15.77,6.08,6178087.5,1067.2,7410.0,32.0,10.8748°N,79.2511°E
Tamil Nadu,THANJAVUR,2008,539.92,855.04,1583.66,0.0,0.0,0.0,0.83,398.85,4.4,1.54,349.91,0.11,0.3,2710.15,12.66,87.94,6945.47,1.97,2.71,1376.63,0.0,0.0,0.0,0.62,0.42,686.29,0.53,0.69,1299.55,194.12,34.34,176.9,23.58,51.5,2183.62,14.94,6.51,435.41,0.02,0.0,200.0,0.0,0.0,0.0,0.34,0.1,286.38,0.0,0.0,0.0,0.69,1.67,2436.41,0.24,0.0,0.0,92.61,59.79,645.56,31.5,328.22,10418.47,2.09,0.83,18.32,7.06,5597226.720000001,1201.9,3521.745,32.0,10.8748°N,79.2511°E
Tamil Nadu,THANJAVUR,2009,501.16,1400.38,2794.29,0.0,0.0,0.0,0.89,512.03,3.69,0.81,220.65,0.11,0.21,2011.32,10.09,67.01,6639.49,2.16,2.68,1244.43,0.0,0.0,0.0,0.59,0.36,611.86,0.5,0.55,1103.45,186.12,60.31,324.04,19.92,57.05,2863.62,14.63,6.56,448.11,0.02,0.0,200.0,0.0,0.0,0.0,0.22,0.06,285.71,0.0,0.0,0.0,0.18,0.33,1844.79,0.11,0.0,0.0,89.49,0.0,0.0,26.36,261.72,9927.22,1.73,0.89,17.71,6.84,6279312.27,928.5,6850.745000000001,32.0,10.8748°N,79.2511°E
Tamil Nadu,THANJAVUR,2010,496.12,1140.85,2299.56,0.0,0.0,0.0,1.06,493.32,3.2,0.77,239.86,0.09,0.12,1280.7,9.06,49.67,5480.69,2.06,3.19,1549.88,0.0,0.0,0.0,0.61,0.46,754.08,0.47,0.41,873.07,212.35,66.55,313.39,19.54,60.03,3072.46,9.76,4.99,511.69,0.01,0.0,333.33,0.0,0.0,0.0,0.2,0.06,289.06,0.0,0.0,0.0,0.07,0.11,1606.06,0.06,0.0,0.0,85.31,0.0,0.0,24.85,301.71,12139.19,2.16,1.06,17.62,6.96,16313247.825,1095.2,23569.8,32.0,10.8748°N,79.2511°E
Tamil Nadu,THANJAVUR,2011,450.12,1813.04,4027.91,0.0,0.0,0.0,1.63,560.22,1.93,1.35,702.47,0.04,0.09,2291.67,9.6,65.7,6843.19,1.75,3.39,1939.56,0.0,0.0,0.0,0.53,0.34,642.42,0.42,0.27,639.81,0.0,0.0,0.0,22.2,70.55,3177.97,0.0,0.0,0.0,0.01,0.0,500.0,0.0,0.0,0.0,0.14,0.06,435.29,0.0,0.0,0.0,0.13,0.22,1747.63,0.0,0.0,0.0,0.0,0.0,0.0,25.61,279.81,10924.24,2.92,1.63,15.75,5.93,6025359.36,926.5,11869.44,32.0,10.8748°N,79.2511°E
Tamil Nadu,THANJAVUR,2012,450.22,834.93,1854.48,0.0,0.0,0.0,1.37,415.35,0.63,0.17,270.41,0.04,0.05,1316.83,8.35,41.7,4991.57,1.65,3.03,1833.41,0.0,0.0,0.0,0.5,0.38,766.77,0.32,0.11,355.16,98.34,38.09,387.38,17.88,45.45,2541.76,7.31,3.63,496.12,0.01,0.0,0.0,0.0,0.0,0.0,0.1,0.04,349.21,0.0,0.0,0.0,0.05,0.06,1061.07,0.09,0.0,0.0,82.63,0.0,0.0,26.53,265.15,9994.38,3.3,1.37,17.36,4.41,14153409.4,706.8,29095.205,32.0,10.8748°N,79.2511°E
Tamil Nadu,THANJAVUR,2013,507.5,2316.46,4564.48,0.0,0.0,0.0,4.59,559.45,5.33,2.16,404.73,0.06,0.11,1965.75,10.99,73.58,6692.46,1.81,4.32,2383.31,0.0,0.0,0.0,0.44,0.31,695.65,0.63,0.52,822.56,231.91,220.36,950.19,16.9,54.13,3202.72,10.77,6.34,588.82,0.0,0.0,0.0,0.0,0.0,0.0,0.12,0.04,289.47,0.0,0.0,0.0,0.05,0.07,1469.57,0.0,0.0,0.0,27.97,60.58,2166.05,20.33,223.73,11007.05,8.21,4.59,16.92,6.13,4619056.32,740.9,8631.36,32.0,10.8748°N,79.2511°E
Tamil Nadu,THANJAVUR,2014,543.51,2195.63,4039.75,0.0,0.0,0.0,4.79,474.67,5.92,1.78,301.6,0.05,0.14,2806.2,11.32,78.25,6910.69,1.81,4.3,2378.76,0.0,0.0,0.0,0.39,0.27,696.72,0.0,0.0,0.0,234.27,157.15,670.81,15.01,43.7,2911.86,11.25,6.3,559.72,0.0,0.0,0.0,0.0,0.0,0.0,0.1,0.03,307.69,0.0,0.0,0.0,0.04,0.07,1683.17,0.0,0.0,0.0,26.53,50.09,1888.1,19.73,209.36,10609.85,10.09,4.79,17.09,5.73,4409013.24,911.3,9638.145,32.0,10.8748°N,79.2511°E
Tamil Nadu,THANJAVUR,2015,548.65,1696.83,3092.72,0.0,0.0,0.0,5.03,538.0,4.85,0.66,136.42,0.07,0.19,2521.74,10.74,81.92,7629.23,1.72,4.79,2792.73,0.0,0.0,0.0,0.35,0.25,715.6,0.0,0.0,0.0,233.79,122.71,524.87,16.62,54.88,3302.39,7.0,3.63,519.33,0.0,0.0,0.0,0.0,0.0,0.0,0.14,0.04,284.09,0.0,0.0,0.0,0.04,0.07,1473.21,0.0,0.0,0.0,23.88,58.59,2453.66,18.01,173.12,9615.04,9.34,5.03,17.8,6.93,4717877.07,1201.9,9859.41,32.0,10.8748°N,79.2511°E
Tamil Nadu,THANJAVUR,2016,541.98,1356.07,2502.07,0.0,0.0,0.0,7.0,576.06,5.51,0.38,68.95,0.04,0.07,1619.77,8.17,27.18,3326.4,1.06,0.39,370.12,0.0,0.0,0.0,0.39,0.27,692.95,0.87,0.4,461.9,157.68,58.75,372.62,17.82,46.89,2630.75,6.04,1.82,301.28,0.01,0.0,200.0,0.0,0.0,0.0,0.12,0.04,291.46,0.0,0.0,0.0,0.0,0.0,803.28,0.0,0.0,0.0,0.0,0.0,0.0,14.06,103.74,7378.53,12.16,7.0,17.51,6.07,2743175.0,912.4,6265.0,32.0,10.8748°N,79.2511°E
Tamil Nadu,THANJAVUR,2017,520.25,1840.14,3537.05,0.0,0.0,0.0,0.0,0.6,6.37,1.73,272.19,0.15,0.34,2218.68,10.17,79.52,7817.75,1.76,5.14,2922.44,0.0,0.0,0.0,0.37,0.35,926.66,0.51,0.53,1025.5,208.36,98.27,471.66,20.11,70.45,3503.41,6.28,3.07,488.84,0.0,0.0,0.0,0.0,0.0,0.0,0.11,0.03,310.3,0.0,0.0,0.0,0.01,0.01,1000.0,0.0,0.0,0.0,0.0,0.0,0.0,8.54,92.0,10775.01,7.66,0.0,0.0,0.0,4128470.4,970.9,9964.55,32.0,10.8748°N,79.2511°E
